 id, jobs, machines, opt, makespan, guaranteed_ratio, runtime_ms, approximation_alg, fptas_alg, shelves_alg, nb_big_jobs, nb_small_jobs
 1745065728892,1000,1367,63.3469178898106,90.0,RATIO_10_7,10642,TwoApproximation,CompressionApproach,OhnesorgeApproach,837,163
 1745065742010,1000,1690,59.03045501708984,84.0,RATIO_10_7,12879,TwoApproximation,CompressionApproach,OhnesorgeApproach,891,110
 1745065757345,1000,1714,57.68840549428933,82.0,RATIO_10_7,16868,TwoApproximation,CompressionApproach,OhnesorgeApproach,877,123
 1745065776755,1000,1596,58.58929374522732,83.0,RATIO_10_7,12921,TwoApproximation,CompressionApproach,OhnesorgeApproach,892,109
 1745065792293,1000,1551,61.16562805569302,87.0,RATIO_10_7,14821,TwoApproximation,CompressionApproach,OhnesorgeApproach,875,125
 1745065809610,1000,1194,68.07431906950931,97.0,RATIO_10_7,9555,TwoApproximation,CompressionApproach,OhnesorgeApproach,807,193
 1745065821892,1000,664,95.31758471569383,136.0,RATIO_10_7,4281,TwoApproximation,CompressionApproach,OhnesorgeApproach,647,354
 1745065828641,1000,1149,71.31913854268657,101.0,RATIO_10_7,8994,TwoApproximation,CompressionApproach,OhnesorgeApproach,808,192
 1745065840602,1000,934,79.27460223244907,113.0,RATIO_10_7,6799,TwoApproximation,CompressionApproach,OhnesorgeApproach,742,258
 1745065850089,1000,1238,69.54824813078599,99.0,RATIO_10_7,9808,TwoApproximation,CompressionApproach,OhnesorgeApproach,803,197
 1745065862300,1000,1661,58.5390096592085,83.0,RATIO_10_7,13281,TwoApproximation,CompressionApproach,OhnesorgeApproach,865,135
 1745065878708,1000,816,85.42604943817737,122.0,RATIO_10_7,6148,TwoApproximation,CompressionApproach,OhnesorgeApproach,722,278
 1745065887296,1000,1783,57.24992872955956,81.0,RATIO_10_7,16790,TwoApproximation,CompressionApproach,OhnesorgeApproach,892,109
 1745065906542,1000,1678,59.09653924844262,84.0,RATIO_10_7,13381,TwoApproximation,CompressionApproach,OhnesorgeApproach,884,116
 1745065924157,1000,1495,62.200162748509044,88.0,RATIO_10_7,13888,TwoApproximation,CompressionApproach,OhnesorgeApproach,865,136
 1745065940506,1000,1823,54.28491185827041,77.0,RATIO_10_7,15829,TwoApproximation,CompressionApproach,OhnesorgeApproach,896,105
 1745065958957,1000,1051,74.02286094716341,105.0,RATIO_10_7,10750,TwoApproximation,CompressionApproach,OhnesorgeApproach,767,234
 1745065972543,1000,1791,55.10213850011778,78.0,RATIO_10_7,14601,TwoApproximation,CompressionApproach,OhnesorgeApproach,901,100
 1745065989791,1000,1049,75.8957598661672,108.0,RATIO_10_7,7488,TwoApproximation,CompressionApproach,OhnesorgeApproach,777,223
 1745065999700,1000,907,80.52748271096766,115.0,RATIO_10_7,6133,TwoApproximation,CompressionApproach,OhnesorgeApproach,734,267
 1745066008241,1000,673,95.75635418601411,136.0,RATIO_10_7,4303,TwoApproximation,CompressionApproach,OhnesorgeApproach,667,333
 1745066015069,1000,1212,68.48127289573745,97.0,RATIO_10_7,9330,TwoApproximation,CompressionApproach,OhnesorgeApproach,800,201
 1745066027292,1000,1844,54.02844248417919,77.0,RATIO_10_7,19817,TwoApproximation,CompressionApproach,OhnesorgeApproach,907,94
 1745066049604,1000,704,91.20631920749491,130.0,RATIO_10_7,7224,TwoApproximation,CompressionApproach,OhnesorgeApproach,681,320
 1745066059296,1000,597,100.10651728695561,143.0,RATIO_10_7,3902,TwoApproximation,CompressionApproach,OhnesorgeApproach,588,412
 1745066065655,1000,1572,60.33144576676929,86.0,RATIO_10_7,12764,TwoApproximation,CompressionApproach,OhnesorgeApproach,854,146
 1745066080906,1000,873,82.04713004725086,117.0,RATIO_10_7,9209,TwoApproximation,CompressionApproach,OhnesorgeApproach,718,282
 1745066092494,1000,1161,69.84065034982976,99.0,RATIO_10_7,11397,TwoApproximation,CompressionApproach,OhnesorgeApproach,806,194
 1745066106348,1000,798,87.66812994247093,125.0,RATIO_10_7,5682,TwoApproximation,CompressionApproach,OhnesorgeApproach,704,297
 1745066114594,1000,1110,72.35556971919429,103.0,RATIO_10_7,8961,TwoApproximation,CompressionApproach,OhnesorgeApproach,778,223
 1745066125999,1000,881,82.07032483173417,117.0,RATIO_10_7,8957,TwoApproximation,CompressionApproach,OhnesorgeApproach,752,248
 1745066140763,1000,995,77.7828456246074,111.0,RATIO_10_7,7037,TwoApproximation,CompressionApproach,OhnesorgeApproach,783,217
 1745066150508,1000,1724,58.43167922336375,83.0,RATIO_10_7,15948,TwoApproximation,CompressionApproach,OhnesorgeApproach,888,112
 1745066168900,1000,1762,55.70631421681294,79.0,RATIO_10_7,15295,TwoApproximation,CompressionApproach,OhnesorgeApproach,894,106
 1745066186644,1000,1231,69.03190279355579,98.0,RATIO_10_7,9832,TwoApproximation,CompressionApproach,OhnesorgeApproach,805,195
 1745066198906,1000,1567,61.82386648327817,88.0,RATIO_10_7,12356,TwoApproximation,CompressionApproach,OhnesorgeApproach,864,136
 1745066214452,1000,546,109.4462155073117,156.0,RATIO_10_7,2984,TwoApproximation,CompressionApproach,OhnesorgeApproach,561,439
 1745066219862,1000,824,85.0094784486641,121.0,RATIO_10_7,6155,TwoApproximation,CompressionApproach,OhnesorgeApproach,712,288
 1745066228580,1000,1069,72.42856588622362,103.0,RATIO_10_7,9250,TwoApproximation,CompressionApproach,OhnesorgeApproach,764,236
 1745066240943,1000,1598,58.00405284728812,82.0,RATIO_10_7,18407,TwoApproximation,CompressionApproach,OhnesorgeApproach,874,126
 1745066261804,1000,1692,57.74257010601936,82.0,RATIO_10_7,12618,TwoApproximation,CompressionApproach,OhnesorgeApproach,891,110
 1745066278387,1000,1286,67.32359130052532,96.0,RATIO_10_7,9772,TwoApproximation,CompressionApproach,OhnesorgeApproach,836,164
 1745066290591,1000,873,83.84866031502531,119.0,RATIO_10_7,11261,TwoApproximation,CompressionApproach,OhnesorgeApproach,752,248
 1745066304243,1000,1294,67.41769545966359,96.0,RATIO_10_7,10471,TwoApproximation,CompressionApproach,OhnesorgeApproach,837,164
 1745066318493,1000,926,81.45205413291058,116.0,RATIO_10_7,7268,TwoApproximation,CompressionApproach,OhnesorgeApproach,732,269
 1745066328152,1000,727,91.59723462887939,130.0,RATIO_10_7,4609,TwoApproximation,CompressionApproach,OhnesorgeApproach,692,308
 1745066335186,1000,958,79.99267404512473,114.0,RATIO_10_7,7724,TwoApproximation,CompressionApproach,OhnesorgeApproach,751,250
 1745066345344,1000,1899,53.868180446212946,76.0,RATIO_10_7,18410,TwoApproximation,CompressionApproach,OhnesorgeApproach,916,84
 1745066366245,1000,1887,55.119049120783245,78.0,RATIO_10_7,15795,TwoApproximation,CompressionApproach,OhnesorgeApproach,900,101
 1745066384498,1000,845,83.08011528782592,118.0,RATIO_10_7,7902,TwoApproximation,CompressionApproach,OhnesorgeApproach,719,282
 1745066395205,1000,584,102.9311616975967,147.0,RATIO_10_7,3346,TwoApproximation,CompressionApproach,OhnesorgeApproach,594,406
 1745066400952,1000,1606,58.913707471873664,84.0,RATIO_10_7,12982,TwoApproximation,CompressionApproach,OhnesorgeApproach,866,134
 1745066416915,1000,1989,53.17165902944711,75.0,RATIO_10_7,18560,TwoApproximation,CompressionApproach,OhnesorgeApproach,909,92
 1745066442491,1000,1913,54.11400690791622,77.0,RATIO_10_7,16653,TwoApproximation,CompressionApproach,OhnesorgeApproach,897,103
 1745066461599,1000,1113,72.78603481625183,103.0,RATIO_10_7,9858,TwoApproximation,CompressionApproach,OhnesorgeApproach,803,197
 1745066473943,1000,1126,72.51139709919849,103.0,RATIO_10_7,11030,TwoApproximation,CompressionApproach,OhnesorgeApproach,810,190
 1745066487497,1000,1766,54.78000934639711,78.0,RATIO_10_7,15283,TwoApproximation,CompressionApproach,OhnesorgeApproach,882,118
 1745066505587,1000,1044,73.36277285024124,104.0,RATIO_10_7,8836,TwoApproximation,CompressionApproach,OhnesorgeApproach,778,222
 1745066518398,1000,607,100.26541464489806,143.0,RATIO_10_7,3510,TwoApproximation,CompressionApproach,OhnesorgeApproach,617,383
 1745066525387,1000,1468,62.23495248487925,88.0,RATIO_10_7,12439,TwoApproximation,CompressionApproach,OhnesorgeApproach,856,144
 1745066540504,1000,1995,53.704206343342484,76.0,RATIO_10_7,24874,TwoApproximation,CompressionApproach,OhnesorgeApproach,925,76
 1745066567847,1000,649,95.9929139029998,137.0,RATIO_10_7,6578,TwoApproximation,CompressionApproach,OhnesorgeApproach,679,321
 1745066576797,1000,541,111.20774155932301,158.0,RATIO_10_7,2916,TwoApproximation,CompressionApproach,OhnesorgeApproach,522,478
 1745066582247,1000,1204,69.54886883833876,99.0,RATIO_10_7,11123,TwoApproximation,CompressionApproach,OhnesorgeApproach,823,177
 1745066595794,1000,1157,72.35201709849525,103.0,RATIO_10_7,12642,TwoApproximation,CompressionApproach,OhnesorgeApproach,785,216
 1745066610888,1000,657,94.18709347055744,134.0,RATIO_10_7,4535,TwoApproximation,CompressionApproach,OhnesorgeApproach,635,365
 1745066617806,1000,652,98.02932832870016,140.0,RATIO_10_7,4843,TwoApproximation,CompressionApproach,OhnesorgeApproach,627,373
 1745066625462,1000,1525,61.55482153720543,87.0,RATIO_10_7,12602,TwoApproximation,CompressionApproach,OhnesorgeApproach,857,144
 1745066640613,1000,1930,54.13077647550118,77.0,RATIO_10_7,18893,TwoApproximation,CompressionApproach,OhnesorgeApproach,911,89
 1745066663841,1000,996,77.2097276434841,110.0,RATIO_10_7,8477,TwoApproximation,CompressionApproach,OhnesorgeApproach,771,229
 1745066662200,1000,1149,70.80174684317035,101.0,RATIO_10_7,10735,TwoApproximation,CompressionApproach,OhnesorgeApproach,801,199
 1745066675414,1000,1452,64.07255475383158,91.0,RATIO_10_7,12521,TwoApproximation,CompressionApproach,OhnesorgeApproach,849,152
 1745066674813,1000,1547,60.376515376775906,86.0,RATIO_10_7,17586,TwoApproximation,CompressionApproach,OhnesorgeApproach,863,138
 1745066695138,1000,966,79.87300943884048,114.0,RATIO_10_7,8233,TwoApproximation,CompressionApproach,OhnesorgeApproach,762,238
 1745066705991,1000,1008,75.91338688986642,108.0,RATIO_10_7,7950,TwoApproximation,CompressionApproach,OhnesorgeApproach,766,235
 1745066716664,1000,1893,53.32526047470327,76.0,RATIO_10_7,17450,TwoApproximation,CompressionApproach,OhnesorgeApproach,902,98
 1745066736995,1000,1502,62.09306847461847,88.0,RATIO_10_7,11948,TwoApproximation,CompressionApproach,OhnesorgeApproach,850,150
 1745066751549,1000,862,83.14590988690227,118.0,RATIO_10_7,9203,TwoApproximation,CompressionApproach,OhnesorgeApproach,719,281
 1745066763644,1000,512,118.33460944890976,169.0,RATIO_10_7,3555,TwoApproximation,CompressionApproach,OhnesorgeApproach,505,495
 1745066770133,1000,1079,75.18472236300974,107.0,RATIO_10_7,7742,TwoApproximation,CompressionApproach,OhnesorgeApproach,776,224
 1745066782804,1000,895,82.72641710675629,118.0,RATIO_10_7,6162,TwoApproximation,CompressionApproach,OhnesorgeApproach,721,279
 1745066791411,1000,512,117.658207654953,168.0,RATIO_10_7,3421,TwoApproximation,CompressionApproach,OhnesorgeApproach,510,490
 1745066797441,1000,1153,70.38316653566784,100.0,RATIO_10_7,10288,TwoApproximation,CompressionApproach,OhnesorgeApproach,811,189
 1745066810647,1000,1158,71.13771377985137,101.0,RATIO_10_7,11645,TwoApproximation,CompressionApproach,OhnesorgeApproach,797,204
 1745066824842,1000,1699,58.35932282015041,83.0,RATIO_10_7,12983,TwoApproximation,CompressionApproach,OhnesorgeApproach,880,120
 1745066840353,1000,1354,65.19787200972814,93.0,RATIO_10_7,10039,TwoApproximation,CompressionApproach,OhnesorgeApproach,841,159
 1745066852839,1000,1577,59.15288180373632,84.0,RATIO_10_7,12303,TwoApproximation,CompressionApproach,OhnesorgeApproach,872,128
 1745066869835,1000,1964,52.5154965608523,75.0,RATIO_10_7,21186,TwoApproximation,CompressionApproach,OhnesorgeApproach,908,92
 1745066893992,1000,1621,60.871418053393455,86.0,RATIO_10_7,12729,TwoApproximation,CompressionApproach,OhnesorgeApproach,873,127
 1745066912637,1000,1233,68.67142572580849,98.0,RATIO_10_7,10388,TwoApproximation,CompressionApproach,OhnesorgeApproach,813,187
 1745066926260,1000,1350,64.60955483895762,92.0,RATIO_10_7,10333,TwoApproximation,CompressionApproach,OhnesorgeApproach,832,168
 1745066939447,1000,573,106.45822042362019,152.0,RATIO_10_7,3402,TwoApproximation,CompressionApproach,OhnesorgeApproach,580,420
 1745066945240,1000,1074,72.59286594923647,103.0,RATIO_10_7,9706,TwoApproximation,CompressionApproach,OhnesorgeApproach,803,198
 1745066957404,1000,1741,56.08897681239006,80.0,RATIO_10_7,14589,TwoApproximation,CompressionApproach,OhnesorgeApproach,878,123
 1745066977437,1000,1373,65.39453182790024,93.0,RATIO_10_7,10807,TwoApproximation,CompressionApproach,OhnesorgeApproach,844,156
 1745066990964,1000,878,83.7378795163235,119.0,RATIO_10_7,6468,TwoApproximation,CompressionApproach,OhnesorgeApproach,732,268
 1745067000590,1000,507,121.78493064865324,173.0,RATIO_10_7,3044,TwoApproximation,CompressionApproach,OhnesorgeApproach,514,486
 1745067006186,1000,1488,63.19659695317668,90.0,RATIO_10_7,13797,TwoApproximation,CompressionApproach,OhnesorgeApproach,862,138
 1745067022393,1000,970,77.78299894037934,111.0,RATIO_10_7,7377,TwoApproximation,CompressionApproach,OhnesorgeApproach,777,224
 1745067032193,1000,1278,66.7041414466822,95.0,RATIO_10_7,11574,TwoApproximation,CompressionApproach,OhnesorgeApproach,807,194
 1745067046191,1000,614,98.59725937237569,140.0,RATIO_10_7,4109,TwoApproximation,CompressionApproach,OhnesorgeApproach,631,369
 1745067052993,1000,1241,67.24763935098332,96.0,RATIO_10_7,10497,TwoApproximation,CompressionApproach,OhnesorgeApproach,802,198
 1745067066633,1000,1908,53.339487183768796,76.0,RATIO_10_7,16764,TwoApproximation,CompressionApproach,OhnesorgeApproach,906,94
 1745067087558,1000,1017,78.25381406710915,111.0,RATIO_10_7,7908,TwoApproximation,CompressionApproach,OhnesorgeApproach,738,262
 1745067098051,1000,1450,63.03842254638671,90.0,RATIO_10_7,11831,TwoApproximation,CompressionApproach,OhnesorgeApproach,837,163
 1745067116863,1000,1220,67.93218875322185,97.0,RATIO_10_7,9905,TwoApproximation,CompressionApproach,OhnesorgeApproach,811,189
 1745067130646,1000,1408,63.00088361718438,90.0,RATIO_10_7,12126,TwoApproximation,CompressionApproach,OhnesorgeApproach,844,157
 1745067145456,1000,754,88.94304913993855,127.0,RATIO_10_7,8128,TwoApproximation,CompressionApproach,OhnesorgeApproach,687,314
 1745067156062,1000,1032,76.00284300155417,108.0,RATIO_10_7,12982,TwoApproximation,CompressionApproach,OhnesorgeApproach,749,251
 1745067171491,1000,1654,58.289407704732724,83.0,RATIO_10_7,13939,TwoApproximation,CompressionApproach,OhnesorgeApproach,879,122
 1745067188592,1000,1279,68.3622938548335,97.0,RATIO_10_7,10037,TwoApproximation,CompressionApproach,OhnesorgeApproach,820,180
 1745067202936,1000,827,84.43714958292398,120.0,RATIO_10_7,6486,TwoApproximation,CompressionApproach,OhnesorgeApproach,720,281
 1745067212262,1000,1299,67.89699551506718,96.0,RATIO_10_7,10076,TwoApproximation,CompressionApproach,OhnesorgeApproach,843,157
 1745067225838,1000,1031,76.76337972320943,109.0,RATIO_10_7,7647,TwoApproximation,CompressionApproach,OhnesorgeApproach,750,250
 1745067239495,1000,1074,72.01667461714932,102.0,RATIO_10_7,9070,TwoApproximation,CompressionApproach,OhnesorgeApproach,777,224
 1745067251296,1000,1508,60.024181611974285,85.0,RATIO_10_7,18463,TwoApproximation,CompressionApproach,OhnesorgeApproach,853,147
 1745067272561,1000,571,107.37170100170343,153.0,RATIO_10_7,3962,TwoApproximation,CompressionApproach,OhnesorgeApproach,594,406
 1745067279103,1000,1925,54.15308500215605,77.0,RATIO_10_7,20695,TwoApproximation,CompressionApproach,OhnesorgeApproach,899,101
 1745067302293,1000,1148,69.47762428841938,99.0,RATIO_10_7,9242,TwoApproximation,CompressionApproach,OhnesorgeApproach,816,185
 1745067314098,1000,590,100.44651194426973,143.0,RATIO_10_7,3658,TwoApproximation,CompressionApproach,OhnesorgeApproach,587,413
 1745067322334,1000,1183,68.95138087558826,98.0,RATIO_10_7,13351,TwoApproximation,CompressionApproach,OhnesorgeApproach,783,218
 1745067338132,1000,1587,60.03772664926453,85.0,RATIO_10_7,12674,TwoApproximation,CompressionApproach,OhnesorgeApproach,873,128
 1745067353335,1000,1285,66.51640653498906,95.0,RATIO_10_7,10028,TwoApproximation,CompressionApproach,OhnesorgeApproach,825,175
 1745067366187,1000,707,93.70203853968684,133.0,RATIO_10_7,5980,TwoApproximation,CompressionApproach,OhnesorgeApproach,709,291
 1745067374743,1000,703,93.5159270502256,133.0,RATIO_10_7,5011,TwoApproximation,CompressionApproach,OhnesorgeApproach,655,345
 1745067382205,1000,505,117.23929213722154,167.0,RATIO_10_7,2960,TwoApproximation,CompressionApproach,OhnesorgeApproach,486,514
 1745067387693,1000,618,98.77204302445199,141.0,RATIO_10_7,4207,TwoApproximation,CompressionApproach,OhnesorgeApproach,639,361
 1745067396692,1000,1249,67.70403432120696,96.0,RATIO_10_7,9850,TwoApproximation,CompressionApproach,OhnesorgeApproach,819,181
 1745067409206,1000,1018,77.35112408711072,110.0,RATIO_10_7,8363,TwoApproximation,CompressionApproach,OhnesorgeApproach,788,212
 1745067420944,1000,1867,54.67086052345476,78.0,RATIO_10_7,18774,TwoApproximation,CompressionApproach,OhnesorgeApproach,889,112
 1745067442240,1000,1261,68.07977096472912,97.0,RATIO_10_7,11195,TwoApproximation,CompressionApproach,OhnesorgeApproach,806,195
 1745067457247,1000,1842,56.11528076436957,80.0,RATIO_10_7,17612,TwoApproximation,CompressionApproach,OhnesorgeApproach,891,109
 1745067478048,1000,788,86.64988658633932,123.0,RATIO_10_7,8353,TwoApproximation,CompressionApproach,OhnesorgeApproach,706,295
 1745067489644,1000,1885,56.73424062551807,81.0,RATIO_10_7,16435,TwoApproximation,CompressionApproach,OhnesorgeApproach,888,112
 1745067509587,1000,798,87.83091013055098,125.0,RATIO_10_7,6482,TwoApproximation,CompressionApproach,OhnesorgeApproach,708,292
 1745067518533,1000,1106,74.00798297488883,105.0,RATIO_10_7,9158,TwoApproximation,CompressionApproach,OhnesorgeApproach,779,222
 1745067530154,1000,1056,76.78298143907027,109.0,RATIO_10_7,7675,TwoApproximation,CompressionApproach,OhnesorgeApproach,776,225
 1745067540246,1000,1326,66.15643242653319,94.0,RATIO_10_7,9944,TwoApproximation,CompressionApproach,OhnesorgeApproach,825,176
 1745067552698,1000,1701,58.00749751948245,82.0,RATIO_10_7,18924,TwoApproximation,CompressionApproach,OhnesorgeApproach,877,123
 1745067574101,1000,540,110.42965183964482,157.0,RATIO_10_7,2979,TwoApproximation,CompressionApproach,OhnesorgeApproach,528,472
 1745067580948,1000,1057,74.13806510355073,105.0,RATIO_10_7,10846,TwoApproximation,CompressionApproach,OhnesorgeApproach,790,211
 1745067594249,1000,1010,77.41998953488795,110.0,RATIO_10_7,9044,TwoApproximation,CompressionApproach,OhnesorgeApproach,759,241
 1745067605890,1000,1913,54.20711988338425,77.0,RATIO_10_7,16754,TwoApproximation,CompressionApproach,OhnesorgeApproach,906,94
 1745067625139,1000,1388,65.76776080172755,93.0,RATIO_10_7,10500,TwoApproximation,CompressionApproach,OhnesorgeApproach,812,188
 1745067638097,1000,629,97.89293540869684,139.0,RATIO_10_7,5463,TwoApproximation,CompressionApproach,OhnesorgeApproach,655,345
 1745067645950,1000,1884,55.10654468900839,78.0,RATIO_10_7,20130,TwoApproximation,CompressionApproach,OhnesorgeApproach,893,107
 1745067668544,1000,1873,55.02252754500634,78.0,RATIO_10_7,17946,TwoApproximation,CompressionApproach,OhnesorgeApproach,889,111
 1745067689943,1000,1210,69.58947069152329,99.0,RATIO_10_7,9261,TwoApproximation,CompressionApproach,OhnesorgeApproach,806,195
 1745067701687,1000,1702,58.02734171937972,82.0,RATIO_10_7,14553,TwoApproximation,CompressionApproach,OhnesorgeApproach,878,122
 1745067718899,1000,1480,61.86614750527046,88.0,RATIO_10_7,12671,TwoApproximation,CompressionApproach,OhnesorgeApproach,873,127
 1745067734095,1000,1036,74.39855166107532,106.0,RATIO_10_7,7990,TwoApproximation,CompressionApproach,OhnesorgeApproach,765,235
 1745067744490,1000,1351,64.02338188335156,91.0,RATIO_10_7,14108,TwoApproximation,CompressionApproach,OhnesorgeApproach,836,165
 1745067761243,1000,1901,54.243407914163186,77.0,RATIO_10_7,16004,TwoApproximation,CompressionApproach,OhnesorgeApproach,897,104
 1745067785748,1000,1204,68.6036501215938,98.0,RATIO_10_7,10604,TwoApproximation,CompressionApproach,OhnesorgeApproach,795,206
 1745067798793,1000,724,90.19671538126403,128.0,RATIO_10_7,6042,TwoApproximation,CompressionApproach,OhnesorgeApproach,663,338
 1745067807341,1000,1180,70.20669400489936,100.0,RATIO_10_7,9357,TwoApproximation,CompressionApproach,OhnesorgeApproach,813,187
 1745067820696,1000,1031,75.30149212309045,107.0,RATIO_10_7,8810,TwoApproximation,CompressionApproach,OhnesorgeApproach,767,234
 1745067832008,1000,1630,60.343465446987025,86.0,RATIO_10_7,12919,TwoApproximation,CompressionApproach,OhnesorgeApproach,880,121
 1745067847447,1000,1832,56.04120127082392,80.0,RATIO_10_7,15324,TwoApproximation,CompressionApproach,OhnesorgeApproach,893,108
 1745067865256,1000,1650,59.4156621759588,84.0,RATIO_10_7,13316,TwoApproximation,CompressionApproach,OhnesorgeApproach,884,116
 1745067881332,1000,1242,68.19108774734966,97.0,RATIO_10_7,12122,TwoApproximation,CompressionApproach,OhnesorgeApproach,820,181
 1745067896732,1000,723,93.59503199153917,133.0,RATIO_10_7,5224,TwoApproximation,CompressionApproach,OhnesorgeApproach,686,314
 1745067904349,1000,1902,53.933001184313085,77.0,RATIO_10_7,15888,TwoApproximation,CompressionApproach,OhnesorgeApproach,906,95
 1745067922760,1000,1299,67.63270142447314,96.0,RATIO_10_7,10245,TwoApproximation,CompressionApproach,OhnesorgeApproach,809,191
 1745067936140,1000,1561,60.87511651810739,86.0,RATIO_10_7,11916,TwoApproximation,CompressionApproach,OhnesorgeApproach,852,149
 1745067950608,1000,1416,63.9132695171119,91.0,RATIO_10_7,13603,TwoApproximation,CompressionApproach,OhnesorgeApproach,859,141
 1745067966738,1000,1391,64.50452452165287,92.0,RATIO_10_7,10879,TwoApproximation,CompressionApproach,OhnesorgeApproach,842,158
 1745067980357,1000,765,87.0071475758272,124.0,RATIO_10_7,6550,TwoApproximation,CompressionApproach,OhnesorgeApproach,694,306
 1745067991535,1000,904,80.57753381475939,115.0,RATIO_10_7,8408,TwoApproximation,CompressionApproach,OhnesorgeApproach,760,241
 1745068002589,1000,1635,57.38770970335793,81.0,RATIO_10_7,16654,TwoApproximation,CompressionApproach,OhnesorgeApproach,893,107
 1745068021701,1000,1112,72.49040442404987,103.0,RATIO_10_7,9674,TwoApproximation,CompressionApproach,OhnesorgeApproach,783,218
 1745068033833,1000,546,110.67324946476862,158.0,RATIO_10_7,2822,TwoApproximation,CompressionApproach,OhnesorgeApproach,560,440
 1745068039138,1000,1247,67.045819329183,95.0,RATIO_10_7,11100,TwoApproximation,CompressionApproach,OhnesorgeApproach,836,164
 1745068052804,1000,1365,66.86573372306405,95.0,RATIO_10_7,12306,TwoApproximation,CompressionApproach,OhnesorgeApproach,852,149
 1745068067634,1000,1369,64.31857810288648,91.0,RATIO_10_7,12221,TwoApproximation,CompressionApproach,OhnesorgeApproach,828,172
 1745068082966,1000,1009,76.11495720643119,108.0,RATIO_10_7,10214,TwoApproximation,CompressionApproach,OhnesorgeApproach,739,261
 1745068095638,1000,1897,55.00731842732768,78.0,RATIO_10_7,19540,TwoApproximation,CompressionApproach,OhnesorgeApproach,882,118
 1745068118345,1000,1333,67.17107536161384,95.0,RATIO_10_7,10276,TwoApproximation,CompressionApproach,OhnesorgeApproach,848,152
 1745068131833,1000,1687,58.05872148243577,82.0,RATIO_10_7,16033,TwoApproximation,CompressionApproach,OhnesorgeApproach,865,136
 1745068150336,1000,1556,60.25230688178446,86.0,RATIO_10_7,11786,TwoApproximation,CompressionApproach,OhnesorgeApproach,851,150
 1745068164734,1000,738,90.30198582594957,129.0,RATIO_10_7,5421,TwoApproximation,CompressionApproach,OhnesorgeApproach,689,311
 1745068172852,1000,1356,66.28922496221763,94.0,RATIO_10_7,12219,TwoApproximation,CompressionApproach,OhnesorgeApproach,827,173
 1745068187704,1000,542,109.88998339888795,156.0,RATIO_10_7,2871,TwoApproximation,CompressionApproach,OhnesorgeApproach,538,462
 1745068192951,1000,1626,58.72643040730944,83.0,RATIO_10_7,13360,TwoApproximation,CompressionApproach,OhnesorgeApproach,879,121
 1745068211231,1000,1365,63.241723945813305,90.0,RATIO_10_7,10333,TwoApproximation,CompressionApproach,OhnesorgeApproach,836,164
 1745068224854,1000,1996,52.41717352704677,74.0,RATIO_10_7,17115,TwoApproximation,CompressionApproach,OhnesorgeApproach,911,90
 1745068245239,1000,670,94.2214681141412,134.0,RATIO_10_7,4539,TwoApproximation,CompressionApproach,OhnesorgeApproach,633,367
 1745068252232,1000,1701,58.80613910331927,84.0,RATIO_10_7,13947,TwoApproximation,CompressionApproach,OhnesorgeApproach,898,103
 1745068269032,1000,769,86.09473227710501,122.0,RATIO_10_7,9234,TwoApproximation,CompressionApproach,OhnesorgeApproach,679,321
 1745068281335,1000,1825,56.193941165453765,80.0,RATIO_10_7,17102,TwoApproximation,CompressionApproach,OhnesorgeApproach,909,92
 1745068301288,1000,778,87.78337457063573,125.0,RATIO_10_7,6957,TwoApproximation,CompressionApproach,OhnesorgeApproach,711,289
 1745068310790,1000,1622,60.372301922479494,86.0,RATIO_10_7,12852,TwoApproximation,CompressionApproach,OhnesorgeApproach,880,121
 1745068326666,1000,1608,59.27934134658889,84.0,RATIO_10_7,14004,TwoApproximation,CompressionApproach,OhnesorgeApproach,877,124
 1745068343952,1000,1122,72.69214299655852,103.0,RATIO_10_7,9349,TwoApproximation,CompressionApproach,OhnesorgeApproach,793,207
 1745068355748,1000,1179,69.99714693647002,99.0,RATIO_10_7,11746,TwoApproximation,CompressionApproach,OhnesorgeApproach,806,195
 1745068370044,1000,1077,73.05095615227575,104.0,RATIO_10_7,11311,TwoApproximation,CompressionApproach,OhnesorgeApproach,770,230
 1745068383937,1000,709,93.33096119782485,133.0,RATIO_10_7,6258,TwoApproximation,CompressionApproach,OhnesorgeApproach,693,308
 1745068392593,1000,1526,61.000694094916625,87.0,RATIO_10_7,11433,TwoApproximation,CompressionApproach,OhnesorgeApproach,850,150
 1745068407540,1000,503,118.90545702833779,169.0,RATIO_10_7,3070,TwoApproximation,CompressionApproach,OhnesorgeApproach,485,515
 1745068412999,1000,909,81.65427968578109,116.0,RATIO_10_7,6476,TwoApproximation,CompressionApproach,OhnesorgeApproach,738,262
 1745068421935,1000,1314,66.17624883782372,94.0,RATIO_10_7,9964,TwoApproximation,CompressionApproach,OhnesorgeApproach,831,169
 1745068434387,1000,1082,74.54801988866103,106.0,RATIO_10_7,7506,TwoApproximation,CompressionApproach,OhnesorgeApproach,772,229
 1745068444538,1000,1137,70.31448490407871,100.0,RATIO_10_7,9346,TwoApproximation,CompressionApproach,OhnesorgeApproach,782,218
 1745068456834,1000,820,84.49805547202507,120.0,RATIO_10_7,6146,TwoApproximation,CompressionApproach,OhnesorgeApproach,712,289
 1745068466089,1000,1287,67.0714720968322,95.0,RATIO_10_7,11852,TwoApproximation,CompressionApproach,OhnesorgeApproach,837,164
 1745068480690,1000,1188,69.35358538129915,99.0,RATIO_10_7,9675,TwoApproximation,CompressionApproach,OhnesorgeApproach,825,175
 1745068492907,1000,1001,78.40293178501187,112.0,RATIO_10_7,7514,TwoApproximation,CompressionApproach,OhnesorgeApproach,736,265
 1745068502893,1000,924,81.23799856607016,116.0,RATIO_10_7,6967,TwoApproximation,CompressionApproach,OhnesorgeApproach,741,260
 1745068512336,1000,648,96.8872752248505,138.0,RATIO_10_7,4524,TwoApproximation,CompressionApproach,OhnesorgeApproach,625,376
 1745068519251,1000,1660,58.45632629394531,83.0,RATIO_10_7,13128,TwoApproximation,CompressionApproach,OhnesorgeApproach,868,133
 1745068535295,1000,812,85.16019830562797,121.0,RATIO_10_7,6355,TwoApproximation,CompressionApproach,OhnesorgeApproach,701,300
 1745068544463,1000,1882,54.51150576746552,77.0,RATIO_10_7,16272,TwoApproximation,CompressionApproach,OhnesorgeApproach,906,94
 1745068563233,1000,617,98.53947757863149,140.0,RATIO_10_7,4307,TwoApproximation,CompressionApproach,OhnesorgeApproach,623,377
 1745068569894,1000,1402,64.6407849207074,92.0,RATIO_10_7,14390,TwoApproximation,CompressionApproach,OhnesorgeApproach,852,149
 1745068586750,1000,779,90.801820022916,129.0,RATIO_10_7,5191,TwoApproximation,CompressionApproach,OhnesorgeApproach,688,312
 1745068597111,1000,605,100.54707475142047,143.0,RATIO_10_7,4126,TwoApproximation,CompressionApproach,OhnesorgeApproach,606,394
 1745068603641,1000,1749,56.41887448868661,80.0,RATIO_10_7,17296,TwoApproximation,CompressionApproach,OhnesorgeApproach,877,123
 1745068623656,1000,1491,62.2937957333847,88.0,RATIO_10_7,11497,TwoApproximation,CompressionApproach,OhnesorgeApproach,841,159
 1745068638100,1000,1435,63.72244366901677,91.0,RATIO_10_7,10941,TwoApproximation,CompressionApproach,OhnesorgeApproach,841,159
 1745068651490,1000,1133,71.31189438903215,101.0,RATIO_10_7,8654,TwoApproximation,CompressionApproach,OhnesorgeApproach,797,203
 1745068662739,1000,1974,53.02578774773966,75.0,RATIO_10_7,17406,TwoApproximation,CompressionApproach,OhnesorgeApproach,917,83
 1745068682636,1000,1098,72.3553802962729,103.0,RATIO_10_7,8649,TwoApproximation,CompressionApproach,OhnesorgeApproach,782,219
 1745068694062,1000,1889,56.224290919467975,80.0,RATIO_10_7,16444,TwoApproximation,CompressionApproach,OhnesorgeApproach,879,122
 1745068716819,1000,1935,53.44806648668393,76.0,RATIO_10_7,20804,TwoApproximation,CompressionApproach,OhnesorgeApproach,903,98
 1745068741052,1000,1270,68.21731525331032,97.0,RATIO_10_7,10864,TwoApproximation,CompressionApproach,OhnesorgeApproach,815,186
 1745068755844,1000,756,88.66842873386605,126.0,RATIO_10_7,5991,TwoApproximation,CompressionApproach,OhnesorgeApproach,697,304
 1745068765801,1000,926,80.14871505836174,114.0,RATIO_10_7,7119,TwoApproximation,CompressionApproach,OhnesorgeApproach,738,262
 1745068775662,1000,1351,65.49527817845433,93.0,RATIO_10_7,11389,TwoApproximation,CompressionApproach,OhnesorgeApproach,843,158
 1745068789862,1000,1701,57.999818832155256,82.0,RATIO_10_7,13161,TwoApproximation,CompressionApproach,OhnesorgeApproach,873,127
 1745068805644,1000,542,112.11242687042349,160.0,RATIO_10_7,3395,TwoApproximation,CompressionApproach,OhnesorgeApproach,552,448
 1745068811598,1000,1989,53.06623271867342,75.0,RATIO_10_7,22842,TwoApproximation,CompressionApproach,OhnesorgeApproach,921,79
 1745068837251,1000,1704,58.53715391562019,83.0,RATIO_10_7,15432,TwoApproximation,CompressionApproach,OhnesorgeApproach,902,99
 1745068856497,1000,1128,73.84395485735953,105.0,RATIO_10_7,9026,TwoApproximation,CompressionApproach,OhnesorgeApproach,782,218
 1745068867939,1000,929,81.6038541106028,116.0,RATIO_10_7,6759,TwoApproximation,CompressionApproach,OhnesorgeApproach,749,252
 1745068877235,1000,791,86.22213220415466,123.0,RATIO_10_7,6927,TwoApproximation,CompressionApproach,OhnesorgeApproach,715,286
 1745068888390,1000,1633,59.29741231868111,84.0,RATIO_10_7,12724,TwoApproximation,CompressionApproach,OhnesorgeApproach,882,118
 1745068904000,1000,1311,67.17762850623927,95.0,RATIO_10_7,9900,TwoApproximation,CompressionApproach,OhnesorgeApproach,814,186
 1745068917145,1000,698,90.93696894823309,129.0,RATIO_10_7,6521,TwoApproximation,CompressionApproach,OhnesorgeApproach,657,344
 1745068926186,1000,1218,68.03137619193942,97.0,RATIO_10_7,9624,TwoApproximation,CompressionApproach,OhnesorgeApproach,806,194
 1745068938707,1000,1211,70.62321622109826,100.0,RATIO_10_7,9857,TwoApproximation,CompressionApproach,OhnesorgeApproach,805,195
 1745068951406,1000,1076,75.26523717717168,107.0,RATIO_10_7,7541,TwoApproximation,CompressionApproach,OhnesorgeApproach,757,244
 1745068961667,1000,1244,68.91727294185921,98.0,RATIO_10_7,9901,TwoApproximation,CompressionApproach,OhnesorgeApproach,802,198
 1745068974146,1000,1492,61.278830643313825,87.0,RATIO_10_7,12886,TwoApproximation,CompressionApproach,OhnesorgeApproach,881,119
 1745068990156,1000,1749,56.80207073545374,81.0,RATIO_10_7,15056,TwoApproximation,CompressionApproach,OhnesorgeApproach,883,118
 1745069007694,1000,635,98.03239659587229,140.0,RATIO_10_7,5226,TwoApproximation,CompressionApproach,OhnesorgeApproach,653,348
 1745069016335,1000,1906,53.73981101565445,76.0,RATIO_10_7,18802,TwoApproximation,CompressionApproach,OhnesorgeApproach,904,96
 1745069037594,1000,591,101.43019674594834,144.0,RATIO_10_7,3923,TwoApproximation,CompressionApproach,OhnesorgeApproach,610,390
 1745069044689,1000,1625,58.13902514648437,83.0,RATIO_10_7,16520,TwoApproximation,CompressionApproach,OhnesorgeApproach,874,127
 1745069066095,1000,576,103.83048719829983,148.0,RATIO_10_7,3372,TwoApproximation,CompressionApproach,OhnesorgeApproach,586,414
 1745069072345,1000,897,83.93837531354515,119.0,RATIO_10_7,6431,TwoApproximation,CompressionApproach,OhnesorgeApproach,744,256
 1745069083990,1000,794,87.27517315842942,124.0,RATIO_10_7,5731,TwoApproximation,CompressionApproach,OhnesorgeApproach,686,314
 1745069092240,1000,556,107.70023988133713,153.0,RATIO_10_7,4099,TwoApproximation,CompressionApproach,OhnesorgeApproach,543,457
 1745069099449,1000,1497,62.37375055286355,89.0,RATIO_10_7,12333,TwoApproximation,CompressionApproach,OhnesorgeApproach,833,167
 1745069114238,1000,1529,60.167129825968765,85.0,RATIO_10_7,13502,TwoApproximation,CompressionApproach,OhnesorgeApproach,866,135
 1745069130400,1000,739,91.32283691075884,130.0,RATIO_10_7,5235,TwoApproximation,CompressionApproach,OhnesorgeApproach,676,324
 1745069138045,1000,1857,55.07934294224556,78.0,RATIO_10_7,16002,TwoApproximation,CompressionApproach,OhnesorgeApproach,900,101
 1745069157835,1000,869,83.11381209431639,118.0,RATIO_10_7,8728,TwoApproximation,CompressionApproach,OhnesorgeApproach,730,270
 1745069169044,1000,804,85.53402649229437,122.0,RATIO_10_7,5828,TwoApproximation,CompressionApproach,OhnesorgeApproach,694,307
 1745069177341,1000,1776,57.00508975982666,81.0,RATIO_10_7,17783,TwoApproximation,CompressionApproach,OhnesorgeApproach,888,112
 1745069197761,1000,1081,73.60662711934842,105.0,RATIO_10_7,7619,TwoApproximation,CompressionApproach,OhnesorgeApproach,778,222
 1745069207845,1000,594,101.54574132848668,145.0,RATIO_10_7,4561,TwoApproximation,CompressionApproach,OhnesorgeApproach,631,369
 1745069214836,1000,1225,70.1047216796875,100.0,RATIO_10_7,10092,TwoApproximation,CompressionApproach,OhnesorgeApproach,814,187
 1745069227436,1000,1598,59.03215211980482,84.0,RATIO_10_7,17655,TwoApproximation,CompressionApproach,OhnesorgeApproach,889,111
 1745069247538,1000,1213,70.14523926787601,100.0,RATIO_10_7,10924,TwoApproximation,CompressionApproach,OhnesorgeApproach,788,213
 1745069260935,1000,1102,72.80191722669099,104.0,RATIO_10_7,8600,TwoApproximation,CompressionApproach,OhnesorgeApproach,762,239
 1745069277059,1000,1706,58.43204822965132,83.0,RATIO_10_7,15443,TwoApproximation,CompressionApproach,OhnesorgeApproach,884,116
 1745069295156,1000,874,82.29562768128699,117.0,RATIO_10_7,8133,TwoApproximation,CompressionApproach,OhnesorgeApproach,735,266
 1745069305731,1000,1130,71.08734022157383,101.0,RATIO_10_7,11158,TwoApproximation,CompressionApproach,OhnesorgeApproach,789,211
 1745069319339,1000,535,112.81649740343897,161.0,RATIO_10_7,3349,TwoApproximation,CompressionApproach,OhnesorgeApproach,526,474
 1745069325092,1000,1377,63.654214608297025,90.0,RATIO_10_7,10815,TwoApproximation,CompressionApproach,OhnesorgeApproach,847,153
 1745069338396,1000,839,85.16348506668326,121.0,RATIO_10_7,7048,TwoApproximation,CompressionApproach,OhnesorgeApproach,721,279
 1745069347897,1000,1618,58.713171672467396,83.0,RATIO_10_7,14930,TwoApproximation,CompressionApproach,OhnesorgeApproach,887,114
 1745069365936,1000,915,80.60783891521517,115.0,RATIO_10_7,6486,TwoApproximation,CompressionApproach,OhnesorgeApproach,736,265
 1745069376839,1000,1710,56.325076856111224,80.0,RATIO_10_7,12915,TwoApproximation,CompressionApproach,OhnesorgeApproach,886,115
 1745069392599,1000,841,83.12226408642056,118.0,RATIO_10_7,6968,TwoApproximation,CompressionApproach,OhnesorgeApproach,701,300
 1745069402195,1000,1301,66.13253873316351,94.0,RATIO_10_7,11237,TwoApproximation,CompressionApproach,OhnesorgeApproach,836,165
 1745069416734,1000,1801,55.826936153092035,79.0,RATIO_10_7,14139,TwoApproximation,CompressionApproach,OhnesorgeApproach,890,110
 1745069433341,1000,663,95.00519332770668,135.0,RATIO_10_7,4487,TwoApproximation,CompressionApproach,OhnesorgeApproach,646,354
 1745069443544,1000,1492,61.62264291594559,88.0,RATIO_10_7,11610,TwoApproximation,CompressionApproach,OhnesorgeApproach,850,151
 1745069457636,1000,1313,66.06986122102293,94.0,RATIO_10_7,11627,TwoApproximation,CompressionApproach,OhnesorgeApproach,820,181
 1745069477893,1000,1104,72.48623852107836,103.0,RATIO_10_7,8326,TwoApproximation,CompressionApproach,OhnesorgeApproach,790,210
 1745069488991,1000,1030,75.43352184110475,107.0,RATIO_10_7,8580,TwoApproximation,CompressionApproach,OhnesorgeApproach,765,235
 1745069500035,1000,1658,58.59793197576617,83.0,RATIO_10_7,13016,TwoApproximation,CompressionApproach,OhnesorgeApproach,883,117
 1745069515494,1000,1931,53.48638190610738,76.0,RATIO_10_7,18417,TwoApproximation,CompressionApproach,OhnesorgeApproach,913,87
 1745069536736,1000,1703,57.375511487511694,81.0,RATIO_10_7,12944,TwoApproximation,CompressionApproach,OhnesorgeApproach,890,110
 1745069552532,1000,1467,63.2079915239767,90.0,RATIO_10_7,11777,TwoApproximation,CompressionApproach,OhnesorgeApproach,862,138
 1745069566871,1000,826,84.40440534910337,120.0,RATIO_10_7,6501,TwoApproximation,CompressionApproach,OhnesorgeApproach,717,284
 1745069575836,1000,1828,56.208060358494066,80.0,RATIO_10_7,15673,TwoApproximation,CompressionApproach,OhnesorgeApproach,896,104
 1745069594235,1000,1882,54.16471143635376,77.0,RATIO_10_7,16143,TwoApproximation,CompressionApproach,OhnesorgeApproach,910,91
 1745069612837,1000,500,121.3400830078125,173.0,RATIO_10_7,2914,TwoApproximation,CompressionApproach,OhnesorgeApproach,496,504
 1745069619648,1000,1898,53.699514877431895,76.0,RATIO_10_7,19107,TwoApproximation,CompressionApproach,OhnesorgeApproach,900,100
 1745069642952,1000,805,86.18570306434393,123.0,RATIO_10_7,5633,TwoApproximation,CompressionApproach,OhnesorgeApproach,687,313
 1745069650989,1000,1636,59.16591125712125,84.0,RATIO_10_7,13735,TwoApproximation,CompressionApproach,OhnesorgeApproach,889,111
 1745069667242,1000,771,88.18810622515846,125.0,RATIO_10_7,7208,TwoApproximation,CompressionApproach,OhnesorgeApproach,693,307
 1745069677196,1000,757,91.16363485076783,130.0,RATIO_10_7,7034,TwoApproximation,CompressionApproach,OhnesorgeApproach,696,305
 1745069686887,1000,1731,58.57778634699971,83.0,RATIO_10_7,21038,TwoApproximation,CompressionApproach,OhnesorgeApproach,873,128
 1745069710388,1000,1215,69.11825276441535,98.0,RATIO_10_7,10967,TwoApproximation,CompressionApproach,OhnesorgeApproach,814,187
 1745069723997,1000,1748,56.104624663119466,80.0,RATIO_10_7,17035,TwoApproximation,CompressionApproach,OhnesorgeApproach,886,115
 1745069743540,1000,1606,58.70309531139407,83.0,RATIO_10_7,16073,TwoApproximation,CompressionApproach,OhnesorgeApproach,866,135
 1745069762246,1000,1871,55.94291617079001,79.0,RATIO_10_7,21462,TwoApproximation,CompressionApproach,OhnesorgeApproach,893,107
 1745069786209,1000,1086,73.6655394833391,105.0,RATIO_10_7,10375,TwoApproximation,CompressionApproach,OhnesorgeApproach,807,194
 1745069799044,1000,1215,69.51439851988492,99.0,RATIO_10_7,9189,TwoApproximation,CompressionApproach,OhnesorgeApproach,819,182
 1745069810648,1000,1814,56.15625133325142,80.0,RATIO_10_7,17157,TwoApproximation,CompressionApproach,OhnesorgeApproach,871,129
 1745069830287,1000,713,93.92674925216954,134.0,RATIO_10_7,4912,TwoApproximation,CompressionApproach,OhnesorgeApproach,675,326
 1745069838014,1000,1620,58.364387427435986,83.0,RATIO_10_7,13180,TwoApproximation,CompressionApproach,OhnesorgeApproach,862,138
 1745069856444,1000,611,98.87581813081782,141.0,RATIO_10_7,4851,TwoApproximation,CompressionApproach,OhnesorgeApproach,604,396
 1745069864614,1000,1849,55.37700564362282,79.0,RATIO_10_7,19433,TwoApproximation,CompressionApproach,OhnesorgeApproach,908,93
 1745069886853,1000,1889,55.03104094893544,78.0,RATIO_10_7,21509,TwoApproximation,CompressionApproach,OhnesorgeApproach,904,96
 1745069910985,1000,1066,73.73615618449887,105.0,RATIO_10_7,7495,TwoApproximation,CompressionApproach,OhnesorgeApproach,761,239
 1745069920940,1000,1913,54.203503845502,77.0,RATIO_10_7,17441,TwoApproximation,CompressionApproach,OhnesorgeApproach,903,97
 1745069942054,1000,585,104.466841529781,149.0,RATIO_10_7,3418,TwoApproximation,CompressionApproach,OhnesorgeApproach,598,402
 1745069948449,1000,781,90.30222811924816,129.0,RATIO_10_7,6543,TwoApproximation,CompressionApproach,OhnesorgeApproach,690,310
 1745069957639,1000,1299,66.95689188874255,95.0,RATIO_10_7,10239,TwoApproximation,CompressionApproach,OhnesorgeApproach,833,167
 1745069970556,1000,1717,58.12596767561063,83.0,RATIO_10_7,14084,TwoApproximation,CompressionApproach,OhnesorgeApproach,889,111
 1745069987186,1000,1552,60.184888033522775,85.0,RATIO_10_7,13574,TwoApproximation,CompressionApproach,OhnesorgeApproach,881,119
 1745070003307,1000,1186,70.86076908208065,101.0,RATIO_10_7,9430,TwoApproximation,CompressionApproach,OhnesorgeApproach,810,191
 1745070017107,1000,1334,65.11420399495687,93.0,RATIO_10_7,10899,TwoApproximation,CompressionApproach,OhnesorgeApproach,852,148
 1745070030505,1000,793,88.11530703223518,125.0,RATIO_10_7,5552,TwoApproximation,CompressionApproach,OhnesorgeApproach,695,306
 1745070038494,1000,1564,61.22840039870318,87.0,RATIO_10_7,13941,TwoApproximation,CompressionApproach,OhnesorgeApproach,857,143
 1745070055486,1000,1280,66.00238265865481,94.0,RATIO_10_7,18915,TwoApproximation,CompressionApproach,OhnesorgeApproach,826,174
 1745070077140,1000,1110,71.66079409487612,102.0,RATIO_10_7,9056,TwoApproximation,CompressionApproach,OhnesorgeApproach,789,211
 1745070089489,1000,1686,56.86773844545846,81.0,RATIO_10_7,12511,TwoApproximation,CompressionApproach,OhnesorgeApproach,862,138
 1745070104956,1000,1368,65.03440747065852,92.0,RATIO_10_7,12410,TwoApproximation,CompressionApproach,OhnesorgeApproach,829,171
 1745070119836,1000,909,80.0109782496957,114.0,RATIO_10_7,10378,TwoApproximation,CompressionApproach,OhnesorgeApproach,745,256
 1745070132594,1000,1033,75.11934104247337,107.0,RATIO_10_7,8307,TwoApproximation,CompressionApproach,OhnesorgeApproach,780,221
 1745070143360,1000,864,83.13928003664368,118.0,RATIO_10_7,8324,TwoApproximation,CompressionApproach,OhnesorgeApproach,729,271
 1745070154435,1000,958,77.23145384977656,110.0,RATIO_10_7,6940,TwoApproximation,CompressionApproach,OhnesorgeApproach,756,244
 1745070166054,1000,974,79.093362075837,112.0,RATIO_10_7,6961,TwoApproximation,CompressionApproach,OhnesorgeApproach,780,220
 1745070175490,1000,1196,69.71797606777587,99.0,RATIO_10_7,13203,TwoApproximation,CompressionApproach,OhnesorgeApproach,814,187
 1745070191806,1000,1522,59.166941766826625,84.0,RATIO_10_7,15126,TwoApproximation,CompressionApproach,OhnesorgeApproach,867,133
 1745070211831,1000,1012,75.25698492178333,107.0,RATIO_10_7,8064,TwoApproximation,CompressionApproach,OhnesorgeApproach,772,229
 1745070222907,1000,1830,54.42711956253468,77.0,RATIO_10_7,16909,TwoApproximation,CompressionApproach,OhnesorgeApproach,900,100
 1745070242435,1000,1951,53.49404940074802,76.0,RATIO_10_7,17341,TwoApproximation,CompressionApproach,OhnesorgeApproach,925,75
 1745070265964,1000,1324,65.49246756331799,93.0,RATIO_10_7,10098,TwoApproximation,CompressionApproach,OhnesorgeApproach,828,172
 1745070278555,1000,868,82.32789541499406,117.0,RATIO_10_7,7977,TwoApproximation,CompressionApproach,OhnesorgeApproach,728,273
 1745070291560,1000,1163,69.27547686405461,98.0,RATIO_10_7,10411,TwoApproximation,CompressionApproach,OhnesorgeApproach,790,210
 1745070305194,1000,1810,56.2185352999861,80.0,RATIO_10_7,19038,TwoApproximation,CompressionApproach,OhnesorgeApproach,894,106
 1745070326790,1000,1037,75.34202276246413,107.0,RATIO_10_7,11191,TwoApproximation,CompressionApproach,OhnesorgeApproach,794,206
 1745070340913,1000,1941,54.339180759152825,77.0,RATIO_10_7,17806,TwoApproximation,CompressionApproach,OhnesorgeApproach,905,95
 1745070361345,1000,1005,75.4759561567164,107.0,RATIO_10_7,7912,TwoApproximation,CompressionApproach,OhnesorgeApproach,762,239
 1745070371760,1000,1222,68.67587624907299,98.0,RATIO_10_7,11610,TwoApproximation,CompressionApproach,OhnesorgeApproach,820,180
 1745070390455,1000,1191,68.8768101715421,98.0,RATIO_10_7,9392,TwoApproximation,CompressionApproach,OhnesorgeApproach,814,187
 1745070402356,1000,611,99.20750314865487,141.0,RATIO_10_7,3876,TwoApproximation,CompressionApproach,OhnesorgeApproach,639,361
 1745070408694,1000,1945,54.0034717550008,77.0,RATIO_10_7,19553,TwoApproximation,CompressionApproach,OhnesorgeApproach,909,92
 1745070430743,1000,1364,65.68294294698497,93.0,RATIO_10_7,10138,TwoApproximation,CompressionApproach,OhnesorgeApproach,818,182
 1745070444082,1000,600,99.85593393961588,142.0,RATIO_10_7,4742,TwoApproximation,CompressionApproach,OhnesorgeApproach,615,385
 1745070451445,1000,617,99.07281959076175,141.0,RATIO_10_7,3763,TwoApproximation,CompressionApproach,OhnesorgeApproach,630,370
 1745070457742,1000,1606,60.062165874324435,85.0,RATIO_10_7,12782,TwoApproximation,CompressionApproach,OhnesorgeApproach,861,139
 1745070473393,1000,1722,57.11494342126082,81.0,RATIO_10_7,14240,TwoApproximation,CompressionApproach,OhnesorgeApproach,893,108
 1745070491036,1000,1795,55.71420282985507,79.0,RATIO_10_7,15753,TwoApproximation,CompressionApproach,OhnesorgeApproach,894,106
 1745070509304,1000,815,85.08175790236771,121.0,RATIO_10_7,6606,TwoApproximation,CompressionApproach,OhnesorgeApproach,710,291
 1745070518498,1000,990,78.15117395574396,111.0,RATIO_10_7,8064,TwoApproximation,CompressionApproach,OhnesorgeApproach,756,245
 1745070529246,1000,692,92.17865610398309,131.0,RATIO_10_7,6991,TwoApproximation,CompressionApproach,OhnesorgeApproach,651,349
 1745070538654,1000,568,106.7702973056847,152.0,RATIO_10_7,3929,TwoApproximation,CompressionApproach,OhnesorgeApproach,582,418
 1745070547590,1000,1548,60.271674557865744,86.0,RATIO_10_7,12324,TwoApproximation,CompressionApproach,OhnesorgeApproach,885,116
 1745070562407,1000,1699,58.35447368655505,83.0,RATIO_10_7,11987,TwoApproximation,CompressionApproach,OhnesorgeApproach,888,113
 1745070576999,1000,1810,55.57744552865212,79.0,RATIO_10_7,15590,TwoApproximation,CompressionApproach,OhnesorgeApproach,902,98
 1745070596054,1000,1660,58.597971831172345,83.0,RATIO_10_7,13750,TwoApproximation,CompressionApproach,OhnesorgeApproach,889,111
 1745070615093,1000,689,92.38139248032702,131.0,RATIO_10_7,6128,TwoApproximation,CompressionApproach,OhnesorgeApproach,655,346
 1745070623700,1000,843,83.57518640701457,119.0,RATIO_10_7,6979,TwoApproximation,CompressionApproach,OhnesorgeApproach,704,296
 1745070633189,1000,1975,55.8641063680528,79.0,RATIO_10_7,17109,TwoApproximation,CompressionApproach,OhnesorgeApproach,909,91
 1745070653013,1000,802,85.47803826462896,122.0,RATIO_10_7,5920,TwoApproximation,CompressionApproach,OhnesorgeApproach,699,301
 1745070662204,1000,1690,57.37836896907649,81.0,RATIO_10_7,13271,TwoApproximation,CompressionApproach,OhnesorgeApproach,875,125
 1745070678111,1000,1099,74.49496085086228,106.0,RATIO_10_7,8853,TwoApproximation,CompressionApproach,OhnesorgeApproach,793,207
 1745070691540,1000,1415,63.00413113112164,90.0,RATIO_10_7,11790,TwoApproximation,CompressionApproach,OhnesorgeApproach,843,157
 1745070710350,1000,1461,61.17683463909298,87.0,RATIO_10_7,12751,TwoApproximation,CompressionApproach,OhnesorgeApproach,867,133
 1745070725586,1000,1213,69.14311274868933,98.0,RATIO_10_7,11951,TwoApproximation,CompressionApproach,OhnesorgeApproach,820,181
 1745070742000,1000,1204,68.42248384342639,97.0,RATIO_10_7,9732,TwoApproximation,CompressionApproach,OhnesorgeApproach,802,198
 1745070754994,1000,640,96.41663652658463,137.0,RATIO_10_7,6249,TwoApproximation,CompressionApproach,OhnesorgeApproach,631,369
 1745070763653,1000,1797,57.13840246439378,81.0,RATIO_10_7,15917,TwoApproximation,CompressionApproach,OhnesorgeApproach,905,96
 1745070782086,1000,591,99.95917037215128,142.0,RATIO_10_7,3881,TwoApproximation,CompressionApproach,OhnesorgeApproach,603,397
 1745070788656,1000,914,80.78368556316886,115.0,RATIO_10_7,6585,TwoApproximation,CompressionApproach,OhnesorgeApproach,730,270
 1745070799410,1000,1295,65.51052797531068,93.0,RATIO_10_7,11209,TwoApproximation,CompressionApproach,OhnesorgeApproach,825,175
 1745070813265,1000,1758,56.83954289667436,81.0,RATIO_10_7,15209,TwoApproximation,CompressionApproach,OhnesorgeApproach,878,122
 1745070831250,1000,992,77.56937511505619,110.0,RATIO_10_7,8062,TwoApproximation,CompressionApproach,OhnesorgeApproach,766,234
 1745070841891,1000,1790,57.002169382106,81.0,RATIO_10_7,17517,TwoApproximation,CompressionApproach,OhnesorgeApproach,892,109
 1745070862341,1000,1910,53.50822209862514,76.0,RATIO_10_7,17966,TwoApproximation,CompressionApproach,OhnesorgeApproach,916,84
 1745070883632,1000,520,115.23321703397312,164.0,RATIO_10_7,3693,TwoApproximation,CompressionApproach,OhnesorgeApproach,493,507
 1745070890838,1000,608,101.85744260486803,145.0,RATIO_10_7,3965,TwoApproximation,CompressionApproach,OhnesorgeApproach,639,361
 1745070897694,1000,1319,66.24852687323789,94.0,RATIO_10_7,10180,TwoApproximation,CompressionApproach,OhnesorgeApproach,816,184
 1745070913135,1000,1481,62.27981194413087,88.0,RATIO_10_7,11667,TwoApproximation,CompressionApproach,OhnesorgeApproach,848,152
 1745070930749,1000,1758,54.66860792661282,78.0,RATIO_10_7,14862,TwoApproximation,CompressionApproach,OhnesorgeApproach,882,118
 1745070948557,1000,532,113.50740573280736,162.0,RATIO_10_7,3159,TwoApproximation,CompressionApproach,OhnesorgeApproach,541,459
 1745070954150,1000,787,85.03420848434429,121.0,RATIO_10_7,8688,TwoApproximation,CompressionApproach,OhnesorgeApproach,701,299
 1745070967689,1000,618,98.08128332242997,140.0,RATIO_10_7,3648,TwoApproximation,CompressionApproach,OhnesorgeApproach,628,372
 1745070973734,1000,1715,57.113495522546344,81.0,RATIO_10_7,16299,TwoApproximation,CompressionApproach,OhnesorgeApproach,890,111
 1745070992656,1000,856,83.04707881000553,118.0,RATIO_10_7,7738,TwoApproximation,CompressionApproach,OhnesorgeApproach,722,279
 1745071003067,1000,537,114.70643931127793,163.0,RATIO_10_7,3509,TwoApproximation,CompressionApproach,OhnesorgeApproach,546,454
 1745071009086,1000,1785,56.610257393973214,80.0,RATIO_10_7,15497,TwoApproximation,CompressionApproach,OhnesorgeApproach,907,94
 1745071027845,1000,562,107.37859102839677,153.0,RATIO_10_7,3559,TwoApproximation,CompressionApproach,OhnesorgeApproach,576,424
 1745071034508,1000,1048,74.33427701469596,106.0,RATIO_10_7,9509,TwoApproximation,CompressionApproach,OhnesorgeApproach,795,206
 1745071046445,1000,558,106.55153062608508,152.0,RATIO_10_7,3544,TwoApproximation,CompressionApproach,OhnesorgeApproach,565,435
 1745071052708,1000,1548,60.12547330585252,85.0,RATIO_10_7,15725,TwoApproximation,CompressionApproach,OhnesorgeApproach,870,130
 1745071071862,1000,1055,73.50152873540944,105.0,RATIO_10_7,10073,TwoApproximation,CompressionApproach,OhnesorgeApproach,791,210
 1745071084692,1000,1005,76.29042640799906,108.0,RATIO_10_7,7565,TwoApproximation,CompressionApproach,OhnesorgeApproach,777,223
 1745071097499,1000,1169,71.16684035667504,101.0,RATIO_10_7,9503,TwoApproximation,CompressionApproach,OhnesorgeApproach,808,192
 1745071109449,1000,775,88.07649455408897,125.0,RATIO_10_7,7238,TwoApproximation,CompressionApproach,OhnesorgeApproach,671,330
 1745071121750,1000,1355,65.98995149619464,94.0,RATIO_10_7,11818,TwoApproximation,CompressionApproach,OhnesorgeApproach,827,173
 1745071137740,1000,509,118.69413712357257,169.0,RATIO_10_7,3084,TwoApproximation,CompressionApproach,OhnesorgeApproach,502,498
 1745071143289,1000,613,98.94791221929803,141.0,RATIO_10_7,4861,TwoApproximation,CompressionApproach,OhnesorgeApproach,614,386
 1745071153142,1000,1177,70.92483528286294,101.0,RATIO_10_7,11300,TwoApproximation,CompressionApproach,OhnesorgeApproach,807,193
 1745071166944,1000,801,88.68861311056492,126.0,RATIO_10_7,5977,TwoApproximation,CompressionApproach,OhnesorgeApproach,694,307
 1745071175353,1000,638,96.04539708582959,137.0,RATIO_10_7,5989,TwoApproximation,CompressionApproach,OhnesorgeApproach,636,364
 1745071184166,1000,1780,56.257836888345444,80.0,RATIO_10_7,16055,TwoApproximation,CompressionApproach,OhnesorgeApproach,900,101
 1745071202808,1000,1466,63.4164003942055,90.0,RATIO_10_7,11199,TwoApproximation,CompressionApproach,OhnesorgeApproach,839,161
 1745071217145,1000,1219,68.10533198418435,97.0,RATIO_10_7,10825,TwoApproximation,CompressionApproach,OhnesorgeApproach,799,201
 1745071230801,1000,1254,67.26608081677693,96.0,RATIO_10_7,9950,TwoApproximation,CompressionApproach,OhnesorgeApproach,812,188
 1745071243591,1000,858,84.02143398531669,120.0,RATIO_10_7,11218,TwoApproximation,CompressionApproach,OhnesorgeApproach,717,284
 1745071257456,1000,1288,68.24001527869184,97.0,RATIO_10_7,9659,TwoApproximation,CompressionApproach,OhnesorgeApproach,828,172
 1745071269606,1000,1413,65.29236267478603,93.0,RATIO_10_7,10981,TwoApproximation,CompressionApproach,OhnesorgeApproach,834,166
 1745071285043,1000,1027,74.62479789161867,106.0,RATIO_10_7,9299,TwoApproximation,CompressionApproach,OhnesorgeApproach,773,228
 1745071297109,1000,965,79.56244060931428,113.0,RATIO_10_7,7966,TwoApproximation,CompressionApproach,OhnesorgeApproach,754,246
 1745071310101,1000,588,101.47631327311197,144.0,RATIO_10_7,3890,TwoApproximation,CompressionApproach,OhnesorgeApproach,598,402
 1745071316349,1000,587,103.88825627445564,148.0,RATIO_10_7,3417,TwoApproximation,CompressionApproach,OhnesorgeApproach,585,415
 1745071322145,1000,1216,69.61944667916549,99.0,RATIO_10_7,10354,TwoApproximation,CompressionApproach,OhnesorgeApproach,827,173
 1745071335097,1000,1420,61.58372502662766,87.0,RATIO_10_7,13354,TwoApproximation,CompressionApproach,OhnesorgeApproach,839,161
 1745071351589,1000,1905,54.7982038683153,78.0,RATIO_10_7,17253,TwoApproximation,CompressionApproach,OhnesorgeApproach,889,112
 1745071371735,1000,1115,71.10355127445786,101.0,RATIO_10_7,12321,TwoApproximation,CompressionApproach,OhnesorgeApproach,795,206
 1745071386903,1000,1213,69.40404689754226,99.0,RATIO_10_7,9868,TwoApproximation,CompressionApproach,OhnesorgeApproach,788,212
 1745071399364,1000,1399,65.00566577979544,92.0,RATIO_10_7,15759,TwoApproximation,CompressionApproach,OhnesorgeApproach,838,162
 1745071417752,1000,1203,70.90902720108096,101.0,RATIO_10_7,9992,TwoApproximation,CompressionApproach,OhnesorgeApproach,816,184
 1745071430191,1000,637,97.35350494145226,139.0,RATIO_10_7,5954,TwoApproximation,CompressionApproach,OhnesorgeApproach,655,345
 1745071438664,1000,850,84.04645378561582,120.0,RATIO_10_7,6632,TwoApproximation,CompressionApproach,OhnesorgeApproach,731,269
 1745071449003,1000,1042,74.30984767247529,106.0,RATIO_10_7,9053,TwoApproximation,CompressionApproach,OhnesorgeApproach,775,225
 1745071460449,1000,1243,67.21886959060583,96.0,RATIO_10_7,9822,TwoApproximation,CompressionApproach,OhnesorgeApproach,826,174
 1745071472935,1000,1672,57.652042325033534,82.0,RATIO_10_7,13572,TwoApproximation,CompressionApproach,OhnesorgeApproach,880,120
 1745071489557,1000,1954,53.18370524301988,75.0,RATIO_10_7,19884,TwoApproximation,CompressionApproach,OhnesorgeApproach,916,85
 1745071512490,1000,1808,56.1071483561423,80.0,RATIO_10_7,15794,TwoApproximation,CompressionApproach,OhnesorgeApproach,885,116
 1745071530841,1000,869,81.0707801669596,115.0,RATIO_10_7,8316,TwoApproximation,CompressionApproach,OhnesorgeApproach,728,273
 1745071541549,1000,1842,54.189430236816406,77.0,RATIO_10_7,16195,TwoApproximation,CompressionApproach,OhnesorgeApproach,897,104
 1745071560252,1000,605,99.7239118591813,142.0,RATIO_10_7,3844,TwoApproximation,CompressionApproach,OhnesorgeApproach,624,376
 1745071566489,1000,692,94.91551770778062,135.0,RATIO_10_7,5629,TwoApproximation,CompressionApproach,OhnesorgeApproach,687,314
 1745071574498,1000,584,101.3469618705854,144.0,RATIO_10_7,4207,TwoApproximation,CompressionApproach,OhnesorgeApproach,585,415
 1745071582637,1000,1139,71.64376434513726,102.0,RATIO_10_7,8871,TwoApproximation,CompressionApproach,OhnesorgeApproach,788,212
 1745071593989,1000,1435,63.01981796636814,90.0,RATIO_10_7,11114,TwoApproximation,CompressionApproach,OhnesorgeApproach,857,143
 1745071607499,1000,1399,63.047993876066606,90.0,RATIO_10_7,13350,TwoApproximation,CompressionApproach,OhnesorgeApproach,831,169
 1745071626794,1000,1584,59.00768575012082,84.0,RATIO_10_7,21902,TwoApproximation,CompressionApproach,OhnesorgeApproach,871,129
 1745071651642,1000,1081,75.68007098823426,108.0,RATIO_10_7,7246,TwoApproximation,CompressionApproach,OhnesorgeApproach,781,219
 1745071661338,1000,1976,52.27280967727847,74.0,RATIO_10_7,20211,TwoApproximation,CompressionApproach,OhnesorgeApproach,920,80
 1745071684355,1000,801,86.22694897979089,123.0,RATIO_10_7,5754,TwoApproximation,CompressionApproach,OhnesorgeApproach,698,302
 1745071692896,1000,1066,75.09366961223324,107.0,RATIO_10_7,7368,TwoApproximation,CompressionApproach,OhnesorgeApproach,770,230
 1745071702836,1000,1270,68.60726002820833,98.0,RATIO_10_7,13328,TwoApproximation,CompressionApproach,OhnesorgeApproach,820,180
 1745071719332,1000,1794,55.52894206987974,79.0,RATIO_10_7,16019,TwoApproximation,CompressionApproach,OhnesorgeApproach,896,104
 1745071739133,1000,1361,65.5567260114346,93.0,RATIO_10_7,10248,TwoApproximation,CompressionApproach,OhnesorgeApproach,848,152
 1745071753118,1000,1157,71.14480416735599,101.0,RATIO_10_7,9966,TwoApproximation,CompressionApproach,OhnesorgeApproach,796,204
 1745071765558,1000,1375,64.30295881791548,91.0,RATIO_10_7,11306,TwoApproximation,CompressionApproach,OhnesorgeApproach,830,170
 1745071779600,1000,1332,66.28021863416151,94.0,RATIO_10_7,10119,TwoApproximation,CompressionApproach,OhnesorgeApproach,835,165
 1745071792201,1000,630,98.0047101217603,140.0,RATIO_10_7,4819,TwoApproximation,CompressionApproach,OhnesorgeApproach,598,402
 1745071799397,1000,1175,70.00356589459359,100.0,RATIO_10_7,10337,TwoApproximation,CompressionApproach,OhnesorgeApproach,787,213
 1745071812210,1000,723,91.22728681762189,130.0,RATIO_10_7,5100,TwoApproximation,CompressionApproach,OhnesorgeApproach,682,319
 1745071819890,1000,741,89.16987690172698,127.0,RATIO_10_7,5428,TwoApproximation,CompressionApproach,OhnesorgeApproach,685,316
 1745071828665,1000,562,108.24730592775174,154.0,RATIO_10_7,2937,TwoApproximation,CompressionApproach,OhnesorgeApproach,565,435
 1745071834150,1000,1450,63.4882469177246,90.0,RATIO_10_7,13139,TwoApproximation,CompressionApproach,OhnesorgeApproach,852,148
 1745071849744,1000,666,95.1206209337389,135.0,RATIO_10_7,5504,TwoApproximation,CompressionApproach,OhnesorgeApproach,656,344
 1745071857651,1000,1376,65.91190600949663,94.0,RATIO_10_7,13457,TwoApproximation,CompressionApproach,OhnesorgeApproach,850,150
 1745071876691,1000,1110,72.12967606278153,103.0,RATIO_10_7,8717,TwoApproximation,CompressionApproach,OhnesorgeApproach,789,211
 1745071887890,1000,797,86.26908707947773,123.0,RATIO_10_7,6033,TwoApproximation,CompressionApproach,OhnesorgeApproach,677,323
 1745071896663,1000,978,78.33854029368769,111.0,RATIO_10_7,8410,TwoApproximation,CompressionApproach,OhnesorgeApproach,758,243
 1745071908143,1000,1430,64.23054029558088,91.0,RATIO_10_7,10930,TwoApproximation,CompressionApproach,OhnesorgeApproach,837,163
 1745071921596,1000,1920,53.44697806835175,76.0,RATIO_10_7,16703,TwoApproximation,CompressionApproach,OhnesorgeApproach,919,81
 1745071946595,1000,1646,57.96853449741517,82.0,RATIO_10_7,18114,TwoApproximation,CompressionApproach,OhnesorgeApproach,887,113
 1745071967188,1000,819,86.11918056986417,123.0,RATIO_10_7,6426,TwoApproximation,CompressionApproach,OhnesorgeApproach,711,289
 1745071976007,1000,781,88.49477942316543,126.0,RATIO_10_7,5258,TwoApproximation,CompressionApproach,OhnesorgeApproach,697,304
 1745071983908,1000,1600,59.61014891624451,85.0,RATIO_10_7,12822,TwoApproximation,CompressionApproach,OhnesorgeApproach,881,119
 1745072001067,1000,1201,68.57530693924497,97.0,RATIO_10_7,12522,TwoApproximation,CompressionApproach,OhnesorgeApproach,816,184
 1745072016489,1000,924,81.74808469169582,116.0,RATIO_10_7,6049,TwoApproximation,CompressionApproach,OhnesorgeApproach,751,249
 1745072025141,1000,1878,55.02636028935733,78.0,RATIO_10_7,21204,TwoApproximation,CompressionApproach,OhnesorgeApproach,906,95
 1745072048902,1000,1775,57.33796627420774,81.0,RATIO_10_7,15241,TwoApproximation,CompressionApproach,OhnesorgeApproach,874,126
 1745072067148,1000,1215,70.95314346125096,101.0,RATIO_10_7,10797,TwoApproximation,CompressionApproach,OhnesorgeApproach,784,216
 1745072080503,1000,995,76.55669173810949,109.0,RATIO_10_7,8267,TwoApproximation,CompressionApproach,OhnesorgeApproach,738,263
 1745072091936,1000,1607,60.16756016197751,85.0,RATIO_10_7,13905,TwoApproximation,CompressionApproach,OhnesorgeApproach,862,138
 1745072108405,1000,1447,62.90950497282565,89.0,RATIO_10_7,12155,TwoApproximation,CompressionApproach,OhnesorgeApproach,867,134
 1745072123035,1000,1538,61.347401942636324,87.0,RATIO_10_7,17487,TwoApproximation,CompressionApproach,OhnesorgeApproach,867,133
 1745072143152,1000,1298,65.88355405598834,94.0,RATIO_10_7,9981,TwoApproximation,CompressionApproach,OhnesorgeApproach,820,180
 1745072155606,1000,989,77.35407555621603,110.0,RATIO_10_7,8028,TwoApproximation,CompressionApproach,OhnesorgeApproach,783,218
 1745072166086,1000,1776,56.19353111370191,80.0,RATIO_10_7,15154,TwoApproximation,CompressionApproach,OhnesorgeApproach,885,115
 1745072183941,1000,525,114.55736328124999,163.0,RATIO_10_7,3239,TwoApproximation,CompressionApproach,OhnesorgeApproach,520,480
 1745072189658,1000,1594,60.94160956331298,87.0,RATIO_10_7,12069,TwoApproximation,CompressionApproach,OhnesorgeApproach,869,131
 1745072204345,1000,1000,77.62523291015626,110.0,RATIO_10_7,8108,TwoApproximation,CompressionApproach,OhnesorgeApproach,766,234
 1745072215096,1000,779,88.92452450557604,127.0,RATIO_10_7,5777,TwoApproximation,CompressionApproach,OhnesorgeApproach,677,323
 1745072223651,1000,1100,73.50574521151458,105.0,RATIO_10_7,8894,TwoApproximation,CompressionApproach,OhnesorgeApproach,790,210
 1745072235386,1000,1140,70.11541192573412,100.0,RATIO_10_7,9480,TwoApproximation,CompressionApproach,OhnesorgeApproach,798,202
 1745072247893,1000,619,98.79154926355513,141.0,RATIO_10_7,4900,TwoApproximation,CompressionApproach,OhnesorgeApproach,641,359
 1745072258743,1000,689,93.13760318396227,133.0,RATIO_10_7,5750,TwoApproximation,CompressionApproach,OhnesorgeApproach,660,341
 1745072266958,1000,1755,57.545604547136534,82.0,RATIO_10_7,17168,TwoApproximation,CompressionApproach,OhnesorgeApproach,914,86
 1745072286593,1000,1574,59.0233374175153,84.0,RATIO_10_7,16551,TwoApproximation,CompressionApproach,OhnesorgeApproach,883,118
 1745072305838,1000,1429,63.355909407597636,90.0,RATIO_10_7,10515,TwoApproximation,CompressionApproach,OhnesorgeApproach,841,160
 1745072318988,1000,1134,72.72410520254198,103.0,RATIO_10_7,9855,TwoApproximation,CompressionApproach,OhnesorgeApproach,799,201
 1745072331353,1000,582,106.79002904728105,152.0,RATIO_10_7,3430,TwoApproximation,CompressionApproach,OhnesorgeApproach,590,410
 1745072337645,1000,1597,60.143082114108005,85.0,RATIO_10_7,13209,TwoApproximation,CompressionApproach,OhnesorgeApproach,867,133
 1745072355145,1000,792,87.71156272502859,125.0,RATIO_10_7,5700,TwoApproximation,CompressionApproach,OhnesorgeApproach,691,309
 1745072363491,1000,1858,55.1392295352866,78.0,RATIO_10_7,16327,TwoApproximation,CompressionApproach,OhnesorgeApproach,902,98
 1745072382604,1000,1665,59.71460092905406,85.0,RATIO_10_7,13429,TwoApproximation,CompressionApproach,OhnesorgeApproach,899,101
 1745072398616,1000,609,98.11240571120689,140.0,RATIO_10_7,3883,TwoApproximation,CompressionApproach,OhnesorgeApproach,621,379
 1745072404949,1000,828,86.89107839611992,124.0,RATIO_10_7,6711,TwoApproximation,CompressionApproach,OhnesorgeApproach,718,282
 1745072414104,1000,1780,57.17093965766135,81.0,RATIO_10_7,18110,TwoApproximation,CompressionApproach,OhnesorgeApproach,902,99
 1745072434735,1000,1347,64.63941011945673,92.0,RATIO_10_7,10575,TwoApproximation,CompressionApproach,OhnesorgeApproach,834,167
 1745072449688,1000,756,86.89121655055455,124.0,RATIO_10_7,6893,TwoApproximation,CompressionApproach,OhnesorgeApproach,684,317
 1745072458989,1000,1968,52.29155364463,74.0,RATIO_10_7,20184,TwoApproximation,CompressionApproach,OhnesorgeApproach,901,99
 1745072481690,1000,566,106.99736912595931,152.0,RATIO_10_7,3953,TwoApproximation,CompressionApproach,OhnesorgeApproach,579,421
 1745072488050,1000,1403,64.69028063425404,92.0,RATIO_10_7,13078,TwoApproximation,CompressionApproach,OhnesorgeApproach,852,149
 1745072504299,1000,1700,60.442806432387414,86.0,RATIO_10_7,12308,TwoApproximation,CompressionApproach,OhnesorgeApproach,858,143
 1745072519254,1000,767,90.07477483040661,128.0,RATIO_10_7,4922,TwoApproximation,CompressionApproach,OhnesorgeApproach,652,349
 1745072527134,1000,597,100.3623435373482,143.0,RATIO_10_7,3911,TwoApproximation,CompressionApproach,OhnesorgeApproach,586,414
 1745072533489,1000,1009,77.25754634074579,110.0,RATIO_10_7,7760,TwoApproximation,CompressionApproach,OhnesorgeApproach,790,211
 1745072543693,1000,1544,59.81043042605404,85.0,RATIO_10_7,18034,TwoApproximation,CompressionApproach,OhnesorgeApproach,884,116
 1745072564611,1000,1182,70.00955731896983,100.0,RATIO_10_7,13499,TwoApproximation,CompressionApproach,OhnesorgeApproach,788,212
 1745072580537,1000,1321,67.09161543286633,95.0,RATIO_10_7,11449,TwoApproximation,CompressionApproach,OhnesorgeApproach,837,163
 1745072594448,1000,1547,61.29126716322797,87.0,RATIO_10_7,12430,TwoApproximation,CompressionApproach,OhnesorgeApproach,867,134
 1745072609790,1000,1337,66.465087890625,94.0,RATIO_10_7,10292,TwoApproximation,CompressionApproach,OhnesorgeApproach,822,178
 1745072622533,1000,1661,57.66388420826122,82.0,RATIO_10_7,13757,TwoApproximation,CompressionApproach,OhnesorgeApproach,882,119
 1745072643550,1000,1324,66.32810740168362,94.0,RATIO_10_7,10727,TwoApproximation,CompressionApproach,OhnesorgeApproach,817,183
 1745072656743,1000,829,84.19866214471503,120.0,RATIO_10_7,6717,TwoApproximation,CompressionApproach,OhnesorgeApproach,709,292
 1745072665887,1000,647,95.9727674717144,137.0,RATIO_10_7,4588,TwoApproximation,CompressionApproach,OhnesorgeApproach,627,373
 1745072673190,1000,543,111.05377646880035,158.0,RATIO_10_7,4169,TwoApproximation,CompressionApproach,OhnesorgeApproach,554,446
 1745072679949,1000,1795,56.55966543553599,80.0,RATIO_10_7,15384,TwoApproximation,CompressionApproach,OhnesorgeApproach,911,90
 1745072697831,1000,531,115.361619852357,164.0,RATIO_10_7,3168,TwoApproximation,CompressionApproach,OhnesorgeApproach,548,452
 1745072703702,1000,1133,71.41888166462965,102.0,RATIO_10_7,10092,TwoApproximation,CompressionApproach,OhnesorgeApproach,799,201
 1745072716292,1000,1999,53.182114891674345,75.0,RATIO_10_7,19342,TwoApproximation,CompressionApproach,OhnesorgeApproach,926,75
 1745072738775,1000,600,100.43974782307944,143.0,RATIO_10_7,4463,TwoApproximation,CompressionApproach,OhnesorgeApproach,593,407
 1745072745736,1000,1602,59.43323362543342,84.0,RATIO_10_7,12933,TwoApproximation,CompressionApproach,OhnesorgeApproach,872,128
 1745072763687,1000,992,77.04858985254842,110.0,RATIO_10_7,9180,TwoApproximation,CompressionApproach,OhnesorgeApproach,770,231
 1745072775355,1000,1219,68.97241781733877,98.0,RATIO_10_7,9841,TwoApproximation,CompressionApproach,OhnesorgeApproach,801,199
 1745072787755,1000,567,107.40751742139274,153.0,RATIO_10_7,3542,TwoApproximation,CompressionApproach,OhnesorgeApproach,593,407
 1745072794405,1000,1783,55.41314435392968,79.0,RATIO_10_7,16515,TwoApproximation,CompressionApproach,OhnesorgeApproach,896,104
 1745072813363,1000,1661,57.688466383849615,82.0,RATIO_10_7,13551,TwoApproximation,CompressionApproach,OhnesorgeApproach,882,118
 1745072830511,1000,1939,53.955032667343986,77.0,RATIO_10_7,20980,TwoApproximation,CompressionApproach,OhnesorgeApproach,909,91
 1745072854637,1000,1338,66.85447567781524,95.0,RATIO_10_7,17932,TwoApproximation,CompressionApproach,OhnesorgeApproach,803,197
 1745072875149,1000,1201,68.5067225066351,97.0,RATIO_10_7,9867,TwoApproximation,CompressionApproach,OhnesorgeApproach,819,181
 1745072887460,1000,1556,60.63217307240308,86.0,RATIO_10_7,12627,TwoApproximation,CompressionApproach,OhnesorgeApproach,852,149
 1745072902601,1000,1190,69.36556402895631,99.0,RATIO_10_7,10436,TwoApproximation,CompressionApproach,OhnesorgeApproach,814,187
 1745072915489,1000,1387,65.05312767798898,92.0,RATIO_10_7,15164,TwoApproximation,CompressionApproach,OhnesorgeApproach,841,160
 1745072933158,1000,1120,71.35141604287284,101.0,RATIO_10_7,8747,TwoApproximation,CompressionApproach,OhnesorgeApproach,796,205
 1745072944836,1000,1839,55.59559365003377,79.0,RATIO_10_7,15525,TwoApproximation,CompressionApproach,OhnesorgeApproach,904,96
 1745072962847,1000,1703,58.06885604723999,82.0,RATIO_10_7,17252,TwoApproximation,CompressionApproach,OhnesorgeApproach,866,134
 1745072982543,1000,960,79.4439962387085,113.0,RATIO_10_7,6946,TwoApproximation,CompressionApproach,OhnesorgeApproach,770,230
 1745072991947,1000,1962,55.03058015024261,78.0,RATIO_10_7,25642,TwoApproximation,CompressionApproach,OhnesorgeApproach,900,100
 1745073021459,1000,1162,72.09162484265852,102.0,RATIO_10_7,12751,TwoApproximation,CompressionApproach,OhnesorgeApproach,797,203
 1745073036956,1000,1590,60.743457635843534,86.0,RATIO_10_7,14004,TwoApproximation,CompressionApproach,OhnesorgeApproach,853,148
 1745073053546,1000,1874,55.03691202039525,78.0,RATIO_10_7,18247,TwoApproximation,CompressionApproach,OhnesorgeApproach,886,114
 1745073075004,1000,1803,56.36932938375277,80.0,RATIO_10_7,17090,TwoApproximation,CompressionApproach,OhnesorgeApproach,882,119
 1745073094605,1000,1160,71.95272308546922,102.0,RATIO_10_7,11379,TwoApproximation,CompressionApproach,OhnesorgeApproach,811,189
 1745073108436,1000,1073,74.15172788081385,105.0,RATIO_10_7,10908,TwoApproximation,CompressionApproach,OhnesorgeApproach,784,216
 1745073121986,1000,1387,64.59739654254982,92.0,RATIO_10_7,12102,TwoApproximation,CompressionApproach,OhnesorgeApproach,847,153
 1745073137308,1000,1118,72.26625141901279,103.0,RATIO_10_7,10575,TwoApproximation,CompressionApproach,OhnesorgeApproach,778,222
 1745073150337,1000,1939,54.831288739539346,78.0,RATIO_10_7,17392,TwoApproximation,CompressionApproach,OhnesorgeApproach,889,112
 1745073170388,1000,1056,74.61640658703716,106.0,RATIO_10_7,11754,TwoApproximation,CompressionApproach,OhnesorgeApproach,781,219
 1745073185235,1000,1450,62.19607596561826,88.0,RATIO_10_7,12747,TwoApproximation,CompressionApproach,OhnesorgeApproach,866,134
 1745073200488,1000,1463,63.88263949057213,91.0,RATIO_10_7,12112,TwoApproximation,CompressionApproach,OhnesorgeApproach,842,159
 1745073215109,1000,1416,65.036550283432,92.0,RATIO_10_7,15098,TwoApproximation,CompressionApproach,OhnesorgeApproach,855,145
 1745073232737,1000,958,78.65121760995503,112.0,RATIO_10_7,8466,TwoApproximation,CompressionApproach,OhnesorgeApproach,741,259
 1745073243753,1000,1728,56.55177187919617,80.0,RATIO_10_7,14494,TwoApproximation,CompressionApproach,OhnesorgeApproach,882,119
 1745073262899,1000,1498,61.863903122050104,88.0,RATIO_10_7,11363,TwoApproximation,CompressionApproach,OhnesorgeApproach,862,138
 1745073276739,1000,1511,61.00197508917354,87.0,RATIO_10_7,14064,TwoApproximation,CompressionApproach,OhnesorgeApproach,879,121
 1745073293309,1000,1322,67.3726532975051,96.0,RATIO_10_7,11373,TwoApproximation,CompressionApproach,OhnesorgeApproach,843,157
 1745073307308,1000,1582,59.20629690148587,84.0,RATIO_10_7,16072,TwoApproximation,CompressionApproach,OhnesorgeApproach,880,120
 1745073326203,1000,1854,55.14164125263498,78.0,RATIO_10_7,18100,TwoApproximation,CompressionApproach,OhnesorgeApproach,909,91
 1745073347102,1000,1769,57.076617165970355,81.0,RATIO_10_7,18761,TwoApproximation,CompressionApproach,OhnesorgeApproach,896,104
 1745073368435,1000,1352,66.90723464051646,95.0,RATIO_10_7,13614,TwoApproximation,CompressionApproach,OhnesorgeApproach,831,169
 1745073384536,1000,1182,71.39465193256305,101.0,RATIO_10_7,10328,TwoApproximation,CompressionApproach,OhnesorgeApproach,801,200
 1745073400360,1000,1981,52.46347968666197,74.0,RATIO_10_7,17244,TwoApproximation,CompressionApproach,OhnesorgeApproach,907,94
 1745073420762,1000,1874,55.14189429674994,78.0,RATIO_10_7,17240,TwoApproximation,CompressionApproach,OhnesorgeApproach,895,105
 1745073440893,1000,1724,56.13538191766584,80.0,RATIO_10_7,17808,TwoApproximation,CompressionApproach,OhnesorgeApproach,898,102
 1745073461336,1000,1190,69.02857673869414,98.0,RATIO_10_7,13418,TwoApproximation,CompressionApproach,OhnesorgeApproach,802,198
 1745073477712,1000,1969,54.06743304483658,77.0,RATIO_10_7,23088,TwoApproximation,CompressionApproach,OhnesorgeApproach,894,106
 1745073503902,1000,1153,70.38364465321445,100.0,RATIO_10_7,12050,TwoApproximation,CompressionApproach,OhnesorgeApproach,783,217
 1745073518404,1000,642,95.05952598001355,135.0,RATIO_10_7,5900,TwoApproximation,CompressionApproach,OhnesorgeApproach,661,339
 1745073526689,1000,1622,59.91574290942322,85.0,RATIO_10_7,14651,TwoApproximation,CompressionApproach,OhnesorgeApproach,868,132
 1745073546606,1000,1022,77.00044051915,110.0,RATIO_10_7,9013,TwoApproximation,CompressionApproach,OhnesorgeApproach,777,224
 1745073558090,1000,1279,68.42911363114035,97.0,RATIO_10_7,9606,TwoApproximation,CompressionApproach,OhnesorgeApproach,827,174
 1745073570205,1000,1455,62.064471120932666,88.0,RATIO_10_7,11547,TwoApproximation,CompressionApproach,OhnesorgeApproach,842,158
 1745073584360,1000,869,82.35328403907486,117.0,RATIO_10_7,9005,TwoApproximation,CompressionApproach,OhnesorgeApproach,716,284
 1745073596589,1000,966,78.80520971073128,112.0,RATIO_10_7,8479,TwoApproximation,CompressionApproach,OhnesorgeApproach,739,262
 1745073607561,1000,1939,53.362693530865215,76.0,RATIO_10_7,16839,TwoApproximation,CompressionApproach,OhnesorgeApproach,920,81
 1745073627056,1000,794,86.32816285870838,123.0,RATIO_10_7,5605,TwoApproximation,CompressionApproach,OhnesorgeApproach,689,312
 1745073635201,1000,1828,56.01129272469285,80.0,RATIO_10_7,21493,TwoApproximation,CompressionApproach,OhnesorgeApproach,897,103
 1745073659211,1000,876,84.1556423657561,120.0,RATIO_10_7,7891,TwoApproximation,CompressionApproach,OhnesorgeApproach,727,273
 1745073669554,1000,1713,59.305359866559265,84.0,RATIO_10_7,18376,TwoApproximation,CompressionApproach,OhnesorgeApproach,880,121
 1745073690411,1000,618,98.70280219513236,141.0,RATIO_10_7,4050,TwoApproximation,CompressionApproach,OhnesorgeApproach,624,376
 1745073697450,1000,1458,61.90265912970398,88.0,RATIO_10_7,12531,TwoApproximation,CompressionApproach,OhnesorgeApproach,860,140
 1745073712808,1000,811,87.79679943983123,125.0,RATIO_10_7,5759,TwoApproximation,CompressionApproach,OhnesorgeApproach,700,300
 1745073721549,1000,1302,66.24793834071005,94.0,RATIO_10_7,10158,TwoApproximation,CompressionApproach,OhnesorgeApproach,824,176
 1745073734690,1000,947,78.00713882526853,111.0,RATIO_10_7,7852,TwoApproximation,CompressionApproach,OhnesorgeApproach,725,276
 1745073745262,1000,1371,65.41624363872103,93.0,RATIO_10_7,11977,TwoApproximation,CompressionApproach,OhnesorgeApproach,860,141
 1745073760632,1000,1320,65.41433256322688,93.0,RATIO_10_7,11682,TwoApproximation,CompressionApproach,OhnesorgeApproach,834,167
 1745073776189,1000,1884,56.47030665565702,80.0,RATIO_10_7,16672,TwoApproximation,CompressionApproach,OhnesorgeApproach,882,119
 1745073796385,1000,1598,60.286737582859615,86.0,RATIO_10_7,15247,TwoApproximation,CompressionApproach,OhnesorgeApproach,875,125
 1745073815452,1000,1907,54.21694911082628,77.0,RATIO_10_7,17100,TwoApproximation,CompressionApproach,OhnesorgeApproach,919,82
 1745073835060,1000,920,81.57551097040593,116.0,RATIO_10_7,6975,TwoApproximation,CompressionApproach,OhnesorgeApproach,743,258
 1745073845102,1000,1859,54.22750430956138,77.0,RATIO_10_7,16814,TwoApproximation,CompressionApproach,OhnesorgeApproach,904,96
 1745073864436,1000,1324,66.5962297030446,95.0,RATIO_10_7,10267,TwoApproximation,CompressionApproach,OhnesorgeApproach,838,162
 1745073878167,1000,1507,60.39611600737896,86.0,RATIO_10_7,13405,TwoApproximation,CompressionApproach,OhnesorgeApproach,857,143
 1745073898999,1000,1294,67.63003288870433,96.0,RATIO_10_7,10276,TwoApproximation,CompressionApproach,OhnesorgeApproach,835,165
 1745073911748,1000,1961,53.230476562251006,76.0,RATIO_10_7,19194,TwoApproximation,CompressionApproach,OhnesorgeApproach,913,88
 1745073933688,1000,840,84.71923348563058,121.0,RATIO_10_7,6122,TwoApproximation,CompressionApproach,OhnesorgeApproach,726,275
 1745073942190,1000,1149,71.22866223686357,101.0,RATIO_10_7,9018,TwoApproximation,CompressionApproach,OhnesorgeApproach,830,170
 1745073953714,1000,1465,63.63938541347255,90.0,RATIO_10_7,16161,TwoApproximation,CompressionApproach,OhnesorgeApproach,851,149
 1745073972436,1000,1433,63.43662623467348,90.0,RATIO_10_7,13572,TwoApproximation,CompressionApproach,OhnesorgeApproach,856,144
 1745073988506,1000,1861,55.28236901612772,78.0,RATIO_10_7,17857,TwoApproximation,CompressionApproach,OhnesorgeApproach,894,106
 1745074008893,1000,724,92.03549291284045,131.0,RATIO_10_7,5545,TwoApproximation,CompressionApproach,OhnesorgeApproach,677,324
 1745074016836,1000,1604,59.02061154717519,84.0,RATIO_10_7,18870,TwoApproximation,CompressionApproach,OhnesorgeApproach,880,121
 1745074038146,1000,1300,67.0478292611929,95.0,RATIO_10_7,11712,TwoApproximation,CompressionApproach,OhnesorgeApproach,816,185
 1745074052296,1000,1969,53.41827547568364,76.0,RATIO_10_7,20723,TwoApproximation,CompressionApproach,OhnesorgeApproach,901,99
 1745074075593,1000,1607,60.34405975246845,86.0,RATIO_10_7,12608,TwoApproximation,CompressionApproach,OhnesorgeApproach,868,133
 1745074090649,1000,1448,65.24016180618034,93.0,RATIO_10_7,12154,TwoApproximation,CompressionApproach,OhnesorgeApproach,841,160
 1745074106133,1000,896,81.89592020852226,116.0,RATIO_10_7,6689,TwoApproximation,CompressionApproach,OhnesorgeApproach,721,280
 1745074115848,1000,931,79.95390095285647,114.0,RATIO_10_7,7008,TwoApproximation,CompressionApproach,OhnesorgeApproach,754,247
 1745074126302,1000,1514,60.070181444740044,85.0,RATIO_10_7,12490,TwoApproximation,CompressionApproach,OhnesorgeApproach,861,140
 1745074141206,1000,1441,62.03362922747875,88.0,RATIO_10_7,14546,TwoApproximation,CompressionApproach,OhnesorgeApproach,846,154
 1745074158262,1000,855,84.0349037571957,120.0,RATIO_10_7,7371,TwoApproximation,CompressionApproach,OhnesorgeApproach,719,281
 1745074168252,1000,758,90.54841162850171,129.0,RATIO_10_7,6369,TwoApproximation,CompressionApproach,OhnesorgeApproach,691,309
 1745074177290,1000,716,90.63797248541977,129.0,RATIO_10_7,4771,TwoApproximation,CompressionApproach,OhnesorgeApproach,642,359
 1745074184637,1000,1423,63.241531940387816,90.0,RATIO_10_7,10781,TwoApproximation,CompressionApproach,OhnesorgeApproach,822,179
 1745074197846,1000,1294,67.91989033152186,97.0,RATIO_10_7,10051,TwoApproximation,CompressionApproach,OhnesorgeApproach,838,163
 1745074210512,1000,1268,69.19158711117524,98.0,RATIO_10_7,11105,TwoApproximation,CompressionApproach,OhnesorgeApproach,812,188
 1745074224097,1000,656,95.83330061377548,136.0,RATIO_10_7,4256,TwoApproximation,CompressionApproach,OhnesorgeApproach,637,363
 1745074231051,1000,1131,72.47143403583665,103.0,RATIO_10_7,8754,TwoApproximation,CompressionApproach,OhnesorgeApproach,797,204
 1745074242486,1000,1564,60.41815001641393,86.0,RATIO_10_7,13814,TwoApproximation,CompressionApproach,OhnesorgeApproach,851,149
 1745074260948,1000,910,82.73189687204885,118.0,RATIO_10_7,6788,TwoApproximation,CompressionApproach,OhnesorgeApproach,720,281
 1745074270143,1000,865,83.46890805635837,119.0,RATIO_10_7,7243,TwoApproximation,CompressionApproach,OhnesorgeApproach,745,256
 1745074280044,1000,1722,57.41507752847173,82.0,RATIO_10_7,14134,TwoApproximation,CompressionApproach,OhnesorgeApproach,887,113
 1745074302369,1000,734,89.42483497640417,127.0,RATIO_10_7,6019,TwoApproximation,CompressionApproach,OhnesorgeApproach,657,344
 1745074310791,1000,1216,68.70877525994655,98.0,RATIO_10_7,12244,TwoApproximation,CompressionApproach,OhnesorgeApproach,825,176
 1745074327235,1000,563,109.12059668749305,155.0,RATIO_10_7,3406,TwoApproximation,CompressionApproach,OhnesorgeApproach,571,429
 1745074333039,1000,732,91.8356062466981,131.0,RATIO_10_7,6107,TwoApproximation,CompressionApproach,OhnesorgeApproach,674,326
 1745074341500,1000,1180,71.73458123934472,102.0,RATIO_10_7,9633,TwoApproximation,CompressionApproach,OhnesorgeApproach,800,201
 1745074353598,1000,1747,56.78194240139905,81.0,RATIO_10_7,15158,TwoApproximation,CompressionApproach,OhnesorgeApproach,885,115
 1745074371338,1000,585,103.42814085870727,147.0,RATIO_10_7,4028,TwoApproximation,CompressionApproach,OhnesorgeApproach,610,390
 1745074377837,1000,1925,54.454506661551335,77.0,RATIO_10_7,19577,TwoApproximation,CompressionApproach,OhnesorgeApproach,910,90
 1745074399906,1000,1062,74.97248504121426,107.0,RATIO_10_7,7370,TwoApproximation,CompressionApproach,OhnesorgeApproach,758,242
 1745074409793,1000,1431,62.15880746261629,88.0,RATIO_10_7,11158,TwoApproximation,CompressionApproach,OhnesorgeApproach,847,154
 1745074423402,1000,731,90.93930400216954,129.0,RATIO_10_7,5416,TwoApproximation,CompressionApproach,OhnesorgeApproach,671,329
 1745074431391,1000,1929,52.599071148703786,75.0,RATIO_10_7,22418,TwoApproximation,CompressionApproach,OhnesorgeApproach,884,116
 1745074456892,1000,1765,57.200934858024965,81.0,RATIO_10_7,15878,TwoApproximation,CompressionApproach,OhnesorgeApproach,884,117
 1745074476104,1000,1980,53.14908828735352,75.0,RATIO_10_7,19142,TwoApproximation,CompressionApproach,OhnesorgeApproach,908,93
 1745074498096,1000,550,107.350751842152,153.0,RATIO_10_7,4082,TwoApproximation,CompressionApproach,OhnesorgeApproach,548,452
 1745074504617,1000,883,81.29866247295928,116.0,RATIO_10_7,7754,TwoApproximation,CompressionApproach,OhnesorgeApproach,746,255
 1745074514843,1000,1942,53.44719083179037,76.0,RATIO_10_7,18802,TwoApproximation,CompressionApproach,OhnesorgeApproach,899,101
 1745074536143,1000,799,85.287650517737,121.0,RATIO_10_7,5806,TwoApproximation,CompressionApproach,OhnesorgeApproach,703,298
 1745074544859,1000,543,110.4809193760431,157.0,RATIO_10_7,2829,TwoApproximation,CompressionApproach,OhnesorgeApproach,538,462
 1745074550993,1000,1949,53.34147735642678,76.0,RATIO_10_7,19309,TwoApproximation,CompressionApproach,OhnesorgeApproach,911,89
 1745074572790,1000,1326,66.2547627674868,94.0,RATIO_10_7,9898,TwoApproximation,CompressionApproach,OhnesorgeApproach,832,168
 1745074585152,1000,1952,53.54982601228308,76.0,RATIO_10_7,17410,TwoApproximation,CompressionApproach,OhnesorgeApproach,920,80
 1745074605289,1000,738,89.34375437294565,127.0,RATIO_10_7,7208,TwoApproximation,CompressionApproach,OhnesorgeApproach,648,352
 1745074615047,1000,1989,52.06275230319493,74.0,RATIO_10_7,19190,TwoApproximation,CompressionApproach,OhnesorgeApproach,896,104
 1745074636742,1000,1452,61.87586521117156,88.0,RATIO_10_7,12743,TwoApproximation,CompressionApproach,OhnesorgeApproach,861,139
 1745074652343,1000,859,83.78642674402808,119.0,RATIO_10_7,10063,TwoApproximation,CompressionApproach,OhnesorgeApproach,720,281
 1745074664893,1000,1166,70.23295578866635,100.0,RATIO_10_7,9797,TwoApproximation,CompressionApproach,OhnesorgeApproach,827,174
 1745074677104,1000,1071,72.33809279326965,103.0,RATIO_10_7,7980,TwoApproximation,CompressionApproach,OhnesorgeApproach,770,231
 1745074687817,1000,679,94.36332628477655,134.0,RATIO_10_7,5416,TwoApproximation,CompressionApproach,OhnesorgeApproach,654,346
 1745074695703,1000,649,94.50364668600731,135.0,RATIO_10_7,5297,TwoApproximation,CompressionApproach,OhnesorgeApproach,639,361
 1745074703389,1000,699,91.81140815614802,131.0,RATIO_10_7,6231,TwoApproximation,CompressionApproach,OhnesorgeApproach,679,321
 1745074712256,1000,1691,58.81471103553163,84.0,RATIO_10_7,12348,TwoApproximation,CompressionApproach,OhnesorgeApproach,877,123
 1745074727290,1000,1571,61.31418310950927,87.0,RATIO_10_7,12402,TwoApproximation,CompressionApproach,OhnesorgeApproach,878,123
 1745074745435,1000,1726,57.01777748823996,81.0,RATIO_10_7,14345,TwoApproximation,CompressionApproach,OhnesorgeApproach,890,110
 1745074762453,1000,1341,65.81004333496094,94.0,RATIO_10_7,13604,TwoApproximation,CompressionApproach,OhnesorgeApproach,821,179
 1745074778708,1000,1139,69.78455971038792,99.0,RATIO_10_7,10104,TwoApproximation,CompressionApproach,OhnesorgeApproach,781,220
 1745074793789,1000,824,84.22137951156466,120.0,RATIO_10_7,7385,TwoApproximation,CompressionApproach,OhnesorgeApproach,697,303
 1745074803597,1000,797,86.76529141262155,123.0,RATIO_10_7,5731,TwoApproximation,CompressionApproach,OhnesorgeApproach,689,312
 1745074811797,1000,1191,69.88170582141123,99.0,RATIO_10_7,10942,TwoApproximation,CompressionApproach,OhnesorgeApproach,822,178
 1745074825659,1000,996,79.17298025108246,113.0,RATIO_10_7,6899,TwoApproximation,CompressionApproach,OhnesorgeApproach,736,265
 1745074835550,1000,982,77.36665100284118,110.0,RATIO_10_7,8554,TwoApproximation,CompressionApproach,OhnesorgeApproach,765,236
 1745074847164,1000,1208,69.24743575923489,98.0,RATIO_10_7,10634,TwoApproximation,CompressionApproach,OhnesorgeApproach,824,177
 1745074860839,1000,1341,64.87085229473982,92.0,RATIO_10_7,10274,TwoApproximation,CompressionApproach,OhnesorgeApproach,840,161
 1745074873652,1000,1071,74.01354789555795,105.0,RATIO_10_7,11180,TwoApproximation,CompressionApproach,OhnesorgeApproach,767,233
 1745074887449,1000,1048,74.41601381957076,106.0,RATIO_10_7,7345,TwoApproximation,CompressionApproach,OhnesorgeApproach,740,261
 1745074897592,1000,620,96.9041884637648,138.0,RATIO_10_7,5394,TwoApproximation,CompressionApproach,OhnesorgeApproach,625,376
 1745074905388,1000,1216,68.74916435542859,98.0,RATIO_10_7,12113,TwoApproximation,CompressionApproach,OhnesorgeApproach,814,186
 1745074919935,1000,1020,75.36835865693934,107.0,RATIO_10_7,7995,TwoApproximation,CompressionApproach,OhnesorgeApproach,789,211
 1745074930335,1000,1382,64.20423053625524,91.0,RATIO_10_7,14326,TwoApproximation,CompressionApproach,OhnesorgeApproach,837,163
 1745074947144,1000,1292,67.03846229340638,95.0,RATIO_10_7,9997,TwoApproximation,CompressionApproach,OhnesorgeApproach,818,182
 1745074959852,1000,1548,59.09916951428397,84.0,RATIO_10_7,15286,TwoApproximation,CompressionApproach,OhnesorgeApproach,880,120
 1745074977592,1000,1202,69.5905048160902,99.0,RATIO_10_7,9576,TwoApproximation,CompressionApproach,OhnesorgeApproach,806,195
 1745074989658,1000,1421,64.7664798787578,92.0,RATIO_10_7,12216,TwoApproximation,CompressionApproach,OhnesorgeApproach,853,147
 1745075004390,1000,1191,71.00301803179292,101.0,RATIO_10_7,17812,TwoApproximation,CompressionApproach,OhnesorgeApproach,803,198
 1745075024846,1000,1462,63.41261952161463,90.0,RATIO_10_7,10816,TwoApproximation,CompressionApproach,OhnesorgeApproach,835,165
 1745075038206,1000,1413,66.03064625733977,94.0,RATIO_10_7,10973,TwoApproximation,CompressionApproach,OhnesorgeApproach,825,175
 1745075054412,1000,742,90.88339406139445,129.0,RATIO_10_7,5803,TwoApproximation,CompressionApproach,OhnesorgeApproach,676,324
 1745075062788,1000,539,115.12494768415178,164.0,RATIO_10_7,4050,TwoApproximation,CompressionApproach,OhnesorgeApproach,554,446
 1745075069407,1000,869,83.02130709912616,118.0,RATIO_10_7,7786,TwoApproximation,CompressionApproach,OhnesorgeApproach,738,262
 1745075081199,1000,777,88.3228636831237,126.0,RATIO_10_7,7846,TwoApproximation,CompressionApproach,OhnesorgeApproach,705,295
 1745075091799,1000,1465,61.25272412609323,87.0,RATIO_10_7,12551,TwoApproximation,CompressionApproach,OhnesorgeApproach,855,146
 1745075106938,1000,994,74.94543248259086,107.0,RATIO_10_7,6900,TwoApproximation,CompressionApproach,OhnesorgeApproach,764,237
 1745075120090,1000,1728,56.42217826843262,80.0,RATIO_10_7,14484,TwoApproximation,CompressionApproach,OhnesorgeApproach,880,120
 1745075137049,1000,1670,57.3776382720399,81.0,RATIO_10_7,13138,TwoApproximation,CompressionApproach,OhnesorgeApproach,867,134
 1745075152643,1000,1907,54.318177805812056,77.0,RATIO_10_7,18699,TwoApproximation,CompressionApproach,OhnesorgeApproach,895,105
 1745075173864,1000,1387,66.30135083078221,94.0,RATIO_10_7,10467,TwoApproximation,CompressionApproach,OhnesorgeApproach,829,172
 1745075186740,1000,1535,62.38668765586828,89.0,RATIO_10_7,11601,TwoApproximation,CompressionApproach,OhnesorgeApproach,863,137
 1745075200836,1000,1567,60.69030660447909,86.0,RATIO_10_7,12490,TwoApproximation,CompressionApproach,OhnesorgeApproach,862,138
 1745075215805,1000,1195,71.04982368118094,101.0,RATIO_10_7,14252,TwoApproximation,CompressionApproach,OhnesorgeApproach,816,184
 1745075233988,1000,748,89.49340369484639,127.0,RATIO_10_7,6236,TwoApproximation,CompressionApproach,OhnesorgeApproach,691,309
 1745075244051,1000,1779,56.24553722876924,80.0,RATIO_10_7,15699,TwoApproximation,CompressionApproach,OhnesorgeApproach,892,109
 1745075262389,1000,1490,61.44804014679569,87.0,RATIO_10_7,11619,TwoApproximation,CompressionApproach,OhnesorgeApproach,863,137
 1745075277185,1000,842,83.27033246328034,118.0,RATIO_10_7,7223,TwoApproximation,CompressionApproach,OhnesorgeApproach,700,301
 1745075287240,1000,657,96.26364660625951,137.0,RATIO_10_7,4630,TwoApproximation,CompressionApproach,OhnesorgeApproach,638,362
 1745075294406,1000,1960,52.93068487984793,75.0,RATIO_10_7,16577,TwoApproximation,CompressionApproach,OhnesorgeApproach,914,86
 1745075313445,1000,1019,76.28307109679278,108.0,RATIO_10_7,9672,TwoApproximation,CompressionApproach,OhnesorgeApproach,770,230
 1745075326188,1000,1513,61.47262155718151,87.0,RATIO_10_7,11525,TwoApproximation,CompressionApproach,OhnesorgeApproach,870,131
 1745075340340,1000,1395,63.59525241646717,90.0,RATIO_10_7,11964,TwoApproximation,CompressionApproach,OhnesorgeApproach,847,153
 1745075355497,1000,794,86.01298369208271,122.0,RATIO_10_7,5928,TwoApproximation,CompressionApproach,OhnesorgeApproach,678,323
 1745075365088,1000,515,117.05239198555066,167.0,RATIO_10_7,3947,TwoApproximation,CompressionApproach,OhnesorgeApproach,510,490
 1745075371445,1000,864,82.3908927264037,117.0,RATIO_10_7,7852,TwoApproximation,CompressionApproach,OhnesorgeApproach,708,293
 1745075381755,1000,1528,60.09381081546164,85.0,RATIO_10_7,14894,TwoApproximation,CompressionApproach,OhnesorgeApproach,874,126
 1745075399341,1000,1047,77.58897421763075,110.0,RATIO_10_7,7387,TwoApproximation,CompressionApproach,OhnesorgeApproach,767,233
 1745075409356,1000,1883,53.97553877544352,77.0,RATIO_10_7,15981,TwoApproximation,CompressionApproach,OhnesorgeApproach,919,81
 1745075427852,1000,1689,56.67293200314998,80.0,RATIO_10_7,13194,TwoApproximation,CompressionApproach,OhnesorgeApproach,868,133
 1745075443497,1000,1047,77.4431496868844,110.0,RATIO_10_7,7215,TwoApproximation,CompressionApproach,OhnesorgeApproach,770,230
 1745075453299,1000,1014,77.30581751565725,110.0,RATIO_10_7,9262,TwoApproximation,CompressionApproach,OhnesorgeApproach,781,220
 1745075465554,1000,1193,70.0994719052055,100.0,RATIO_10_7,11411,TwoApproximation,CompressionApproach,OhnesorgeApproach,813,187
 1745075479893,1000,889,80.51668095454589,115.0,RATIO_10_7,11119,TwoApproximation,CompressionApproach,OhnesorgeApproach,729,271
 1745075493602,1000,941,80.25678430733595,114.0,RATIO_10_7,7818,TwoApproximation,CompressionApproach,OhnesorgeApproach,730,271
 1745075503837,1000,1167,70.8251109544089,101.0,RATIO_10_7,12397,TwoApproximation,CompressionApproach,OhnesorgeApproach,798,202
 1745075519204,1000,1870,54.212998381018,77.0,RATIO_10_7,21169,TwoApproximation,CompressionApproach,OhnesorgeApproach,900,101
 1745075543341,1000,1024,76.5833550542593,109.0,RATIO_10_7,8042,TwoApproximation,CompressionApproach,OhnesorgeApproach,780,221
 1745075554190,1000,736,89.58091136683589,127.0,RATIO_10_7,6256,TwoApproximation,CompressionApproach,OhnesorgeApproach,678,323
 1745075562835,1000,797,86.11347270281132,123.0,RATIO_10_7,6087,TwoApproximation,CompressionApproach,OhnesorgeApproach,676,324
 1745075571341,1000,1916,53.85659207879626,76.0,RATIO_10_7,17935,TwoApproximation,CompressionApproach,OhnesorgeApproach,906,94
 1745075591915,1000,684,94.17849664520799,134.0,RATIO_10_7,5860,TwoApproximation,CompressionApproach,OhnesorgeApproach,646,355
 1745075600755,1000,1747,57.070602923580495,81.0,RATIO_10_7,17407,TwoApproximation,CompressionApproach,OhnesorgeApproach,900,100
 1745075620840,1000,1829,55.32690986979522,79.0,RATIO_10_7,15890,TwoApproximation,CompressionApproach,OhnesorgeApproach,893,107
 1745075641951,1000,1966,53.68636624713638,76.0,RATIO_10_7,16493,TwoApproximation,CompressionApproach,OhnesorgeApproach,915,86
 1745075661845,1000,1820,56.89795279031272,81.0,RATIO_10_7,14781,TwoApproximation,CompressionApproach,OhnesorgeApproach,894,106
 1745075679191,1000,538,112.49223021326455,160.0,RATIO_10_7,3227,TwoApproximation,CompressionApproach,OhnesorgeApproach,535,465
 1745075685701,1000,649,96.76486166085594,138.0,RATIO_10_7,7949,TwoApproximation,CompressionApproach,OhnesorgeApproach,665,335
 1745075695990,1000,1516,61.878455471552144,88.0,RATIO_10_7,11630,TwoApproximation,CompressionApproach,OhnesorgeApproach,854,146
 1745075710653,1000,644,97.5030364516359,139.0,RATIO_10_7,4526,TwoApproximation,CompressionApproach,OhnesorgeApproach,642,358
 1745075717552,1000,1352,64.90670335081202,92.0,RATIO_10_7,9881,TwoApproximation,CompressionApproach,OhnesorgeApproach,832,168
 1745075730140,1000,990,75.49973463578658,107.0,RATIO_10_7,7955,TwoApproximation,CompressionApproach,OhnesorgeApproach,762,238
